date,open,high,low,close
2012-12-03,1373.0,1385.0,1314.0,1319.0
2012-12-04,1309.0,1326.0,1296.0,1312.0
2012-12-05,1313.0,1345.0,1311.0,1331.0
2012-12-06,1333.0,1338.0,1320.0,1325.0
2012-12-07,1322.0,1340.0,1319.0,1331.0
2012-12-10,1331.0,1344.0,1331.0,1336.0
2012-12-11,1335.0,1337.0,1286.0,1293.0
2012-12-12,1289.0,1306.0,1283.0,1299.0
2012-12-13,1297.0,1312.0,1282.0,1288.0
2012-12-14,1287.0,1315.0,1283.0,1304.0
2012-12-17,1307.0,1335.0,1307.0,1327.0
2012-12-18,1328.0,1339.0,1316.0,1325.0
2012-12-19,1324.0,1353.0,1318.0,1351.0
2012-12-20,1348.0,1356.0,1342.0,1350.0
2012-12-21,1345.0,1354.0,1330.0,1335.0
2012-12-24,1336.0,1349.0,1334.0,1343.0
2012-12-25,1344.0,1363.0,1339.0,1352.0
2012-12-26,1351.0,1354.0,1344.0,1352.0
2012-12-27,1358.0,1367.0,1349.0,1352.0
2012-12-28,1353.0,1364.0,1343.0,1351.0
2012-12-31,1352.0,1365.0,1349.0,1363.0
2013-01-04,1371.0,1425.0,1367.0,1425.0
2013-01-07,1440.0,1468.0,1433.0,1445.0
2013-01-08,1438.0,1470.0,1427.0,1458.0
2013-01-09,1459.0,1476.0,1452.0,1474.0
2013-01-10,1479.0,1484.0,1456.0,1463.0
2013-01-11,1462.0,1465.0,1428.0,1439.0
2013-01-14,1438.0,1502.0,1438.0,1502.0
2013-01-15,1520.0,1527.0,1490.0,1497.0
2013-01-16,1499.0,1515.0,1455.0,1500.0
2013-01-17,1503.0,1512.0,1491.0,1506.0
2013-01-18,1520.0,1521.0,1488.0,1496.0
2013-01-21,1495.0,1518.0,1484.0,1501.0
2013-01-22,1505.0,1508.0,1475.0,1490.0
2013-01-23,1492.0,1496.0,1472.0,1481.0
2013-01-24,1479.0,1489.0,1458.0,1467.0
2013-01-25,1470.0,1472.0,1459.0,1469.0
2013-01-28,1471.0,1496.0,1468.0,1491.0
2013-01-29,1574.0,1582.0,1568.0,1580.0
2013-01-30,1585.0,1591.0,1578.0,1580.0
2013-01-31,1578.0,1601.0,1577.0,1585.0
2013-02-01,1585.0,1596.0,1580.0,1594.0
2013-02-04,1599.0,1649.0,1594.0,1632.0
2013-02-05,1628.0,1646.0,1624.0,1635.0
2013-02-06,1639.0,1652.0,1624.0,1630.0
2013-02-07,1631.0,1633.0,1606.0,1623.0
2013-02-08,1620.0,1635.0,1618.0,1634.0
2013-02-18,1631.0,1643.0,1606.0,1607.0
2013-02-19,1606.0,1616.0,1597.0,1613.0
2013-02-20,1619.0,1622.0,1601.0,1610.0
2013-02-21,1591.0,1595.0,1549.0,1558.0
2013-02-22,1558.0,1569.0,1539.0,1553.0
2013-02-25,1550.0,1574.0,1532.0,1558.0
2013-02-26,1548.0,1564.0,1532.0,1536.0
2013-02-27,1548.0,1562.0,1543.0,1558.0
2013-02-28,1566.0,1587.0,1565.0,1582.0
2013-03-01,1580.0,1581.0,1550.0,1568.0
2013-03-04,1557.0,1564.0,1502.0,1518.0
2013-03-05,1524.0,1532.0,1504.0,1527.0
2013-03-06,1530.0,1541.0,1518.0,1525.0
2013-03-07,1521.0,1521.0,1508.0,1518.0
2013-03-08,1524.0,1528.0,1485.0,1504.0
2013-03-11,1503.0,1508.0,1483.0,1496.0
2013-03-12,1500.0,1505.0,1481.0,1487.0
2013-03-13,1493.0,1493.0,1438.0,1449.0
2013-03-14,1439.0,1443.0,1409.0,1436.0
2013-03-15,1442.0,1480.0,1428.0,1451.0
2013-03-18,1434.0,1453.0,1420.0,1435.0
2013-03-19,1440.0,1458.0,1434.0,1450.0
2013-03-20,1445.0,1478.0,1445.0,1476.0
2013-03-21,1482.0,1493.0,1478.0,1488.0
2013-03-22,1478.0,1489.0,1473.0,1479.0
2013-03-25,1483.0,1492.0,1481.0,1484.0
2013-03-26,1481.0,1484.0,1452.0,1458.0
2013-03-27,1463.0,1465.0,1453.0,1455.0
2013-03-28,1455.0,1460.0,1437.0,1440.0
2013-03-29,1430.0,1443.0,1415.0,1437.0
2013-04-01,1432.0,1437.0,1400.0,1404.0
2013-04-02,1403.0,1427.0,1397.0,1426.0
2013-04-03,1424.0,1441.0,1421.0,1429.0
2013-04-08,1412.0,1444.0,1410.0,1441.0
2013-04-09,1446.0,1454.0,1439.0,1449.0
2013-04-10,1452.0,1454.0,1425.0,1430.0
2013-04-11,1430.0,1444.0,1414.0,1416.0
2013-04-12,1413.0,1427.0,1413.0,1420.0
2013-04-15,1406.0,1426.0,1376.0,1393.0
2013-04-16,1380.0,1405.0,1365.0,1401.0
2013-04-17,1403.0,1411.0,1331.0,1340.0
2013-04-18,1328.0,1362.0,1318.0,1351.0
2013-04-19,1361.0,1380.0,1349.0,1374.0
2013-04-22,1371.0,1386.0,1359.0,1362.0
2013-04-23,1364.0,1371.0,1330.0,1342.0
2013-04-24,1344.0,1358.0,1316.0,1343.0
2013-04-25,1346.0,1358.0,1333.0,1352.0
2013-04-26,1363.0,1371.0,1336.0,1343.0
2013-05-02,1320.0,1333.0,1310.0,1326.0
2013-05-03,1334.0,1357.0,1326.0,1351.0
2013-05-06,1367.0,1371.0,1353.0,1356.0
2013-05-07,1353.0,1403.0,1348.0,1386.0
2013-05-08,1385.0,1402.0,1385.0,1399.0
2013-05-09,1399.0,1406.0,1387.0,1397.0
2013-05-10,1395.0,1424.0,1385.0,1419.0
2013-05-13,1419.0,1447.0,1415.0,1435.0
2013-05-14,1438.0,1445.0,1422.0,1429.0
2013-05-15,1432.0,1432.0,1404.0,1407.0
2013-05-16,1405.0,1450.0,1395.0,1437.0
2013-05-17,1441.0,1458.0,1432.0,1454.0
2013-05-20,1452.0,1460.0,1443.0,1445.0
2013-05-21,1449.0,1460.0,1439.0,1458.0
2013-05-22,1456.0,1466.0,1453.0,1457.0
2013-05-23,1450.0,1452.0,1426.0,1428.0
2013-05-24,1435.0,1438.0,1421.0,1427.0
2013-05-27,1420.0,1439.0,1414.0,1428.0
2013-05-28,1431.0,1437.0,1417.0,1437.0
2013-05-29,1435.0,1446.0,1425.0,1426.0
2013-05-30,1422.0,1422.0,1386.0,1400.0
2013-05-31,1408.0,1411.0,1381.0,1382.0
2013-06-03,1390.0,1398.0,1378.0,1393.0
2013-06-04,1397.0,1434.0,1393.0,1434.0
2013-06-05,1434.0,1462.0,1429.0,1446.0
2013-06-06,1439.0,1446.0,1420.0,1429.0
2013-06-07,1432.0,1442.0,1408.0,1430.0
2013-06-13,1417.0,1447.0,1413.0,1439.0
2013-06-14,1442.0,1450.0,1427.0,1431.0
2013-06-17,1433.0,1443.0,1429.0,1434.0
2013-06-18,1433.0,1448.0,1405.0,1412.0
2013-06-19,1411.0,1417.0,1400.0,1416.0
2013-06-20,1417.0,1428.0,1387.0,1391.0
2013-06-21,1373.0,1399.0,1361.0,1388.0
2013-06-24,1389.0,1394.0,1365.0,1368.0
2013-06-25,1372.0,1393.0,1365.0,1389.0
2013-06-26,1393.0,1397.0,1355.0,1364.0
2013-06-27,1370.0,1385.0,1365.0,1379.0
2013-06-28,1377.0,1392.0,1372.0,1380.0
2013-07-01,1378.0,1389.0,1368.0,1387.0
2013-07-02,1393.0,1413.0,1388.0,1403.0
2013-07-03,1405.0,1410.0,1397.0,1407.0
2013-07-04,1409.0,1417.0,1402.0,1406.0
2013-07-05,1405.0,1409.0,1388.0,1393.0
2013-07-08,1394.0,1395.0,1378.0,1386.0
2013-07-09,1386.0,1391.0,1374.0,1375.0
2013-07-10,1372.0,1392.0,1366.0,1391.0
2013-07-11,1401.0,1432.0,1393.0,1409.0
2013-07-12,1406.0,1413.0,1399.0,1401.0
2013-07-15,1400.0,1412.0,1382.0,1383.0
2013-07-16,1383.0,1393.0,1378.0,1386.0
2013-07-17,1389.0,1408.0,1379.0,1397.0
2013-07-18,1395.0,1396.0,1382.0,1390.0
2013-07-19,1395.0,1406.0,1387.0,1388.0
2013-07-22,1391.0,1391.0,1367.0,1371.0
2013-07-23,1370.0,1380.0,1361.0,1375.0
2013-07-24,1376.0,1385.0,1371.0,1379.0
2013-07-25,1376.0,1385.0,1372.0,1376.0
2013-07-26,1377.0,1380.0,1361.0,1363.0
2013-07-29,1361.0,1364.0,1350.0,1357.0
2013-07-30,1359.0,1365.0,1355.0,1359.0
2013-07-31,1356.0,1368.0,1355.0,1365.0
2013-08-01,1368.0,1375.0,1364.0,1369.0
2013-08-02,1372.0,1378.0,1370.0,1373.0
2013-08-05,1375.0,1378.0,1370.0,1373.0
2013-08-06,1375.0,1376.0,1362.0,1369.0
2013-08-07,1367.0,1387.0,1363.0,1384.0
2013-08-08,1385.0,1400.0,1385.0,1395.0
2013-08-09,1398.0,1406.0,1391.0,1398.0
2013-08-12,1406.0,1427.0,1404.0,1425.0
2013-08-13,1425.0,1436.0,1420.0,1424.0
2013-08-14,1424.0,1442.0,1422.0,1424.0
2013-08-15,1428.0,1432.0,1420.0,1423.0
2013-08-16,1420.0,1430.0,1409.0,1416.0
2013-08-19,1420.0,1453.0,1418.0,1444.0
2013-08-20,1447.0,1451.0,1417.0,1420.0
2013-08-21,1425.0,1429.0,1411.0,1418.0
2013-08-22,1415.0,1426.0,1413.0,1415.0
2013-08-23,1415.0,1425.0,1401.0,1417.0
2013-08-26,1431.0,1442.0,1426.0,1435.0
2013-08-27,1434.0,1439.0,1427.0,1435.0
2013-08-28,1438.0,1455.0,1399.0,1404.0
2013-08-29,1405.0,1409.0,1377.0,1381.0
2013-08-30,1378.0,1386.0,1370.0,1373.0
2013-09-02,1378.0,1386.0,1371.0,1382.0
2013-09-03,1386.0,1392.0,1366.0,1374.0
2013-09-04,1377.0,1382.0,1361.0,1365.0
2013-09-05,1363.0,1373.0,1360.0,1362.0
2013-09-06,1365.0,1376.0,1354.0,1368.0
2013-09-09,1381.0,1382.0,1371.0,1376.0
2013-09-10,1372.0,1375.0,1365.0,1373.0
2013-09-11,1376.0,1388.0,1372.0,1379.0
2013-09-12,1381.0,1382.0,1368.0,1370.0
2013-09-13,1372.0,1380.0,1366.0,1369.0
2013-09-16,1370.0,1380.0,1360.0,1361.0
2013-09-17,1358.0,1360.0,1335.0,1344.0
2013-09-18,1342.0,1347.0,1334.0,1336.0
2013-09-23,1333.0,1346.0,1322.0,1343.0
2013-09-24,1342.0,1349.0,1335.0,1338.0
2013-09-25,1336.0,1344.0,1332.0,1334.0
2013-09-26,1336.0,1339.0,1319.0,1330.0
2013-09-27,1329.0,1333.0,1310.0,1311.0
2013-09-30,1307.0,1318.0,1301.0,1302.0
2013-10-07,1370.0,1370.0,1222.0,1222.0
2013-10-08,1300.0,1312.0,1296.0,1310.0
2013-10-09,1310.0,1326.0,1310.0,1322.0
2013-10-10,1319.0,1326.0,1316.0,1318.0
2013-10-11,1320.0,1328.0,1317.0,1320.0
2013-10-14,1319.0,1321.0,1310.0,1317.0
2013-10-15,1317.0,1334.0,1317.0,1324.0
2013-10-16,1324.0,1329.0,1312.0,1316.0
2013-10-17,1318.0,1324.0,1305.0,1308.0
2013-10-18,1308.0,1314.0,1303.0,1304.0
2013-10-21,1304.0,1324.0,1304.0,1323.0
2013-10-22,1321.0,1326.0,1315.0,1316.0
2013-10-23,1318.0,1322.0,1305.0,1309.0
2013-10-24,1307.0,1310.0,1299.0,1305.0
2013-10-25,1305.0,1310.0,1278.0,1286.0
2013-10-28,1286.0,1300.0,1285.0,1296.0
2013-10-29,1302.0,1319.0,1297.0,1307.0
2013-10-30,1309.0,1315.0,1301.0,1312.0
2013-10-31,1312.0,1329.0,1308.0,1327.0
2013-11-01,1327.0,1335.0,1322.0,1329.0
2013-11-04,1328.0,1330.0,1320.0,1326.0
2013-11-05,1328.0,1332.0,1321.0,1329.0
2013-11-06,1327.0,1334.0,1317.0,1319.0
2013-11-07,1317.0,1326.0,1315.0,1320.0
2013-11-08,1319.0,1324.0,1311.0,1312.0
2013-11-11,1313.0,1315.0,1303.0,1305.0
2013-11-12,1307.0,1311.0,1300.0,1308.0
2013-11-13,1306.0,1309.0,1303.0,1305.0
2013-11-14,1306.0,1311.0,1301.0,1306.0
2013-11-15,1306.0,1317.0,1303.0,1304.0
2013-11-18,1303.0,1307.0,1292.0,1296.0
2013-11-19,1295.0,1311.0,1294.0,1311.0
2013-11-21,1307.0,1308.0,1301.0,1303.0
2013-11-22,1306.0,1311.0,1302.0,1308.0
2013-11-25,1310.0,1322.0,1308.0,1319.0
2013-11-26,1317.0,1326.0,1317.0,1321.0
2013-11-27,1321.0,1325.0,1316.0,1319.0
2013-11-28,1319.0,1327.0,1312.0,1313.0
2013-11-29,1315.0,1318.0,1312.0,1317.0
2013-12-02,1318.0,1324.0,1314.0,1323.0
2013-12-03,1322.0,1326.0,1319.0,1324.0
2013-12-04,1326.0,1329.0,1320.0,1320.0
2013-12-05,1323.0,1326.0,1316.0,1318.0
2013-12-06,1318.0,1320.0,1309.0,1319.0
2013-12-09,1320.0,1325.0,1316.0,1319.0
2013-12-10,1320.0,1324.0,1316.0,1318.0
2013-12-11,1319.0,1322.0,1316.0,1321.0
2013-12-12,1322.0,1363.0,1322.0,1353.0
2013-12-13,1348.0,1350.0,1324.0,1335.0
2013-12-16,1337.0,1340.0,1322.0,1327.0
2013-12-17,1330.0,1337.0,1325.0,1330.0
2013-12-18,1330.0,1332.0,1323.0,1329.0
2013-12-19,1332.0,1337.0,1327.0,1328.0
2013-12-20,1328.0,1328.0,1278.0,1319.0
2013-12-23,1319.0,1320.0,1308.0,1313.0
2013-12-24,1310.0,1316.0,1309.0,1313.0
2013-12-25,1315.0,1326.0,1314.0,1323.0
2013-12-26,1322.0,1325.0,1313.0,1315.0
2013-12-27,1310.0,1320.0,1308.0,1316.0
2013-12-30,1316.0,1325.0,1312.0,1315.0
2013-12-31,1312.0,1320.0,1288.0,1290.0
2014-01-02,1291.0,1293.0,1278.0,1281.0
2014-01-03,1275.0,1286.0,1271.0,1285.0
2014-01-06,1282.0,1288.0,1253.0,1255.0
2014-01-07,1254.0,1255.0,1225.0,1238.0
2014-01-08,1235.0,1241.0,1224.0,1232.0
2014-01-09,1230.0,1265.0,1226.0,1247.0
2014-01-10,1244.0,1251.0,1237.0,1251.0
2014-01-13,1254.0,1260.0,1244.0,1246.0
2014-01-14,1246.0,1258.0,1239.0,1257.0
2014-01-15,1256.0,1263.0,1252.0,1259.0
2014-01-17,1245.0,1255.0,1236.0,1252.0
2014-01-20,1254.0,1261.0,1245.0,1249.0
2014-01-21,1247.0,1247.0,1216.0,1217.0
2014-01-22,1216.0,1239.0,1210.0,1235.0
2014-01-23,1230.0,1265.0,1228.0,1249.0
2014-01-24,1261.0,1275.0,1253.0,1274.0
2014-01-27,1270.0,1283.0,1264.0,1281.0
2014-01-28,1279.0,1284.0,1267.0,1276.0
2014-01-29,1270.0,1299.0,1267.0,1292.0
2014-01-30,1290.0,1305.0,1284.0,1302.0
2014-02-07,1307.0,1310.0,1272.0,1281.0
2014-02-10,1280.0,1295.0,1272.0,1292.0
2014-02-11,1290.0,1297.0,1284.0,1294.0
2014-02-12,1296.0,1317.0,1293.0,1311.0
2014-02-13,1311.0,1317.0,1303.0,1306.0
2014-02-14,1306.0,1311.0,1298.0,1306.0
2014-02-17,1308.0,1324.0,1301.0,1315.0
2014-02-18,1313.0,1317.0,1294.0,1298.0
2014-02-19,1302.0,1306.0,1288.0,1296.0
2014-02-20,1292.0,1302.0,1285.0,1290.0
2014-02-21,1293.0,1303.0,1286.0,1295.0
2014-02-24,1293.0,1294.0,1256.0,1266.0
2014-02-25,1267.0,1276.0,1259.0,1260.0
2014-02-26,1258.0,1268.0,1253.0,1262.0
2014-02-27,1263.0,1263.0,1243.0,1247.0
2014-02-28,1248.0,1255.0,1243.0,1247.0
2014-03-03,1245.0,1249.0,1235.0,1240.0
2014-03-04,1241.0,1242.0,1226.0,1239.0
2014-03-05,1243.0,1260.0,1242.0,1252.0
2014-03-06,1249.0,1259.0,1247.0,1256.0
2014-03-10,1225.0,1233.0,1187.0,1191.0
2014-03-11,1194.0,1233.0,1190.0,1224.0
2014-03-12,1218.0,1235.0,1203.0,1229.0
2014-03-14,1224.0,1228.0,1212.0,1227.0
2014-03-17,1295.0,1297.0,1251.0,1253.0
2014-03-18,1253.0,1286.0,1251.0,1275.0
2014-03-19,1276.0,1282.0,1268.0,1273.0
2014-03-20,1285.0,1285.0,1263.0,1268.0
2014-03-21,1266.0,1276.0,1262.0,1265.0
2014-03-24,1264.0,1264.0,1236.0,1249.0
2014-03-25,1247.0,1281.0,1245.0,1260.0
2014-03-26,1263.0,1265.0,1231.0,1234.0
2014-03-27,1231.0,1249.0,1231.0,1240.0
2014-03-28,1240.0,1261.0,1237.0,1260.0
2014-03-31,1263.0,1270.0,1258.0,1262.0
2014-04-01,1261.0,1270.0,1256.0,1263.0
2014-04-02,1266.0,1270.0,1245.0,1248.0
2014-04-03,1246.0,1257.0,1244.0,1255.0
2014-04-04,1257.0,1261.0,1244.0,1256.0
2014-04-08,1256.0,1284.0,1255.0,1282.0
2014-04-09,1283.0,1287.0,1268.0,1272.0
2014-04-10,1274.0,1282.0,1270.0,1275.0
2014-04-11,1274.0,1275.0,1246.0,1248.0
2014-04-14,1249.0,1262.0,1247.0,1255.0
2014-04-15,1255.0,1265.0,1251.0,1258.0
2014-04-16,1256.0,1274.0,1255.0,1264.0
2014-04-17,1266.0,1268.0,1257.0,1262.0
2014-04-18,1263.0,1264.0,1241.0,1247.0
2014-04-21,1245.0,1254.0,1229.0,1233.0
2014-04-22,1232.0,1233.0,1189.0,1224.0
2014-04-23,1226.0,1228.0,1217.0,1227.0
2014-04-24,1226.0,1235.0,1224.0,1230.0
2014-04-25,1234.0,1235.0,1225.0,1226.0
2014-04-28,1223.0,1229.0,1212.0,1228.0
2014-04-29,1230.0,1246.0,1228.0,1242.0
2014-04-30,1242.0,1245.0,1222.0,1226.0
2014-05-01,1253.0,1253.0,1253.0,1253.0
2014-05-05,1224.0,1238.0,1220.0,1237.0
2014-05-06,1237.0,1240.0,1222.0,1224.0
2014-05-07,1224.0,1224.0,1209.0,1209.0
2014-05-08,1211.0,1218.0,1209.0,1214.0
2014-05-09,1216.0,1221.0,1213.0,1217.0
2014-05-12,1218.0,1224.0,1214.0,1219.0
2014-05-13,1222.0,1223.0,1208.0,1210.0
2014-05-14,1212.0,1220.0,1206.0,1212.0
2014-05-15,1213.0,1213.0,1198.0,1199.0
2014-05-16,1197.0,1204.0,1179.0,1184.0
2014-05-19,1183.0,1193.0,1178.0,1184.0
2014-05-20,1182.0,1183.0,1143.0,1158.0
2014-05-21,1159.0,1160.0,1148.0,1151.0
2014-05-22,1149.0,1163.0,1148.0,1153.0
2014-05-23,1152.0,1160.0,1144.0,1149.0
2014-05-26,1148.0,1168.0,1144.0,1154.0
2014-05-27,1154.0,1160.0,1140.0,1148.0
2014-05-28,1144.0,1156.0,1143.0,1149.0
2014-05-29,1150.0,1156.0,1131.0,1131.0
2014-05-30,1128.0,1133.0,1107.0,1114.0
2014-06-03,1113.0,1118.0,1092.0,1093.0
2014-06-04,1088.0,1101.0,1088.0,1092.0
2014-06-05,1093.0,1101.0,1086.0,1097.0
2014-06-06,1099.0,1103.0,1091.0,1096.0
2014-06-09,1084.0,1089.0,1066.0,1066.0
2014-06-10,1068.0,1076.0,1064.0,1066.0
2014-06-11,1066.0,1073.0,1058.0,1060.0
2014-06-12,1058.0,1070.0,1056.0,1063.0
2014-06-13,1063.0,1079.0,1063.0,1067.0
2014-06-16,1068.0,1071.0,1042.0,1046.0
2014-06-17,1045.0,1057.0,1039.0,1053.0
2014-06-18,1056.0,1065.0,1043.0,1053.0
2014-06-19,1053.0,1063.0,1052.0,1054.0
2014-06-20,1058.0,1076.0,1053.0,1073.0
2014-06-23,1077.0,1096.0,1076.0,1080.0
2014-06-24,1080.0,1080.0,1066.0,1073.0
2014-06-25,1073.0,1082.0,1068.0,1071.0
2014-06-26,1074.0,1095.0,1067.0,1087.0
2014-06-27,1088.0,1089.0,1067.0,1068.0
2014-06-30,1065.0,1075.0,1056.0,1069.0
2014-07-01,1074.0,1084.0,1067.0,1072.0
2014-07-02,1074.0,1082.0,1065.0,1077.0
2014-07-03,1079.0,1092.0,1076.0,1080.0
2014-07-04,1080.0,1082.0,1070.0,1072.0
2014-07-07,1072.0,1076.0,1066.0,1072.0
2014-07-08,1072.0,1079.0,1063.0,1075.0
2014-07-09,1035.0,1040.0,998.0,998.0
2014-07-10,996.0,1005.0,993.0,997.0
2014-07-11,1000.0,1001.0,981.0,984.0
2014-07-14,982.0,994.0,975.0,976.0
2014-07-15,982.0,991.0,976.0,987.0
2014-07-16,985.0,997.0,983.0,991.0
2014-07-17,988.0,1004.0,988.0,1000.0
2014-07-18,1000.0,1002.0,985.0,990.0
2014-07-21,990.0,1032.0,987.0,1022.0
2014-07-22,1021.0,1027.0,1013.0,1019.0
2014-07-23,1019.0,1026.0,1008.0,1014.0
2014-07-24,1015.0,1033.0,1011.0,1014.0
2014-07-25,1012.0,1016.0,992.0,1005.0
2014-07-28,1005.0,1014.0,996.0,1013.0
2014-07-29,1016.0,1035.0,1015.0,1034.0
2014-07-30,1029.0,1041.0,1023.0,1037.0
2014-07-31,1037.0,1045.0,1026.0,1029.0
2014-08-01,1025.0,1033.0,1021.0,1024.0
2014-08-04,1024.0,1048.0,1023.0,1047.0
2014-08-05,1047.0,1056.0,1042.0,1044.0
2014-08-06,1042.0,1050.0,1038.0,1043.0
2014-08-07,1045.0,1054.0,1041.0,1044.0
2014-08-08,1046.0,1048.0,1027.0,1028.0
2014-08-11,1028.0,1036.0,1025.0,1026.0
2014-08-12,1025.0,1031.0,1019.0,1027.0
2014-08-13,1037.0,1045.0,1026.0,1029.0
2014-08-14,1028.0,1028.0,996.0,1001.0
2014-08-15,1001.0,1018.0,999.0,1017.0
2014-08-18,1019.0,1033.0,1016.0,1033.0
2014-08-19,1034.0,1051.0,1028.0,1050.0
2014-08-20,1048.0,1053.0,1042.0,1044.0
2014-08-21,1048.0,1072.0,1047.0,1066.0
2014-08-22,1065.0,1072.0,1060.0,1072.0
2014-08-25,1075.0,1078.0,1060.0,1068.0
2014-08-26,1070.0,1079.0,1062.0,1077.0
2014-08-27,1080.0,1082.0,1060.0,1062.0
2014-08-28,1062.0,1065.0,1048.0,1050.0
2014-08-29,1048.0,1065.0,1046.0,1064.0
2014-09-01,1063.0,1064.0,1013.0,1013.0
2014-09-02,1013.0,1024.0,1004.0,1018.0
2014-09-03,1017.0,1027.0,1010.0,1013.0
2014-09-04,1017.0,1030.0,1016.0,1023.0
2014-09-05,1027.0,1031.0,1002.0,1012.0
2014-09-09,1015.0,1020.0,1009.0,1019.0
2014-09-10,1018.0,1029.0,998.0,1002.0
2014-09-11,1002.0,1017.0,1000.0,1017.0
2014-09-12,1017.0,1029.0,1013.0,1027.0
2014-09-15,1026.0,1052.0,1020.0,1047.0
2014-09-16,1047.0,1054.0,1040.0,1049.0
2014-09-17,1056.0,1056.0,1042.0,1054.0
2014-09-18,1052.0,1054.0,1043.0,1049.0
2014-09-19,1047.0,1050.0,1025.0,1040.0
2014-09-22,1038.0,1046.0,1012.0,1037.0
2014-09-23,1039.0,1072.0,1037.0,1072.0
2014-09-24,1069.0,1084.0,1058.0,1077.0
2014-09-25,1075.0,1076.0,1027.0,1040.0
2014-09-26,1037.0,1048.0,1029.0,1038.0
2014-09-29,1035.0,1043.0,1023.0,1033.0
2014-09-30,1034.0,1045.0,1026.0,1040.0
2014-10-09,1023.0,1038.0,1017.0,1036.0
2014-10-10,1034.0,1035.0,1021.0,1023.0
2014-10-13,1024.0,1042.0,1020.0,1023.0
2014-10-14,1018.0,1030.0,1004.0,1028.0
2014-10-15,1026.0,1033.0,1019.0,1025.0
2014-10-16,1020.0,1028.0,1015.0,1020.0
2014-10-17,1021.0,1027.0,1006.0,1015.0
2014-10-20,1019.0,1022.0,1008.0,1015.0
2014-10-21,1013.0,1026.0,1011.0,1024.0
2014-10-22,1026.0,1029.0,1019.0,1022.0
2014-10-23,1019.0,1029.0,1014.0,1027.0
2014-10-24,1027.0,1036.0,1026.0,1032.0
2014-10-27,1030.0,1033.0,1023.0,1027.0
2014-10-28,1027.0,1031.0,1021.0,1026.0
2014-10-29,1026.0,1034.0,1025.0,1034.0
2014-10-30,1034.0,1048.0,1031.0,1036.0
2014-10-31,1036.0,1047.0,1032.0,1044.0
2014-11-03,1044.0,1058.0,1041.0,1046.0
2014-11-04,1044.0,1044.0,1021.0,1024.0
2014-11-05,1025.0,1028.0,1016.0,1017.0
2014-11-06,1018.0,1026.0,1014.0,1020.0
2014-11-07,1021.0,1032.0,1020.0,1030.0
2014-11-10,1034.0,1046.0,1033.0,1044.0
2014-11-11,1043.0,1047.0,1036.0,1044.0
2014-11-12,1047.0,1060.0,1041.0,1053.0
2014-11-13,1051.0,1052.0,1041.0,1045.0
2014-11-14,887.0,915.0,886.0,900.0
2014-11-17,902.0,907.0,884.0,885.0
2014-11-18,888.0,888.0,861.0,875.0
2014-11-19,875.0,886.0,868.0,884.0
2014-11-20,885.0,888.0,871.0,872.0
2014-11-21,870.0,871.0,856.0,862.0
2014-11-24,868.0,870.0,852.0,853.0
2014-11-25,850.0,869.0,848.0,868.0
2014-11-26,866.0,868.0,860.0,865.0
2014-11-27,867.0,882.0,864.0,879.0
2014-11-28,873.0,886.0,872.0,880.0
2014-12-01,871.0,874.0,851.0,862.0
2014-12-02,871.0,892.0,871.0,879.0
2014-12-03,877.0,887.0,877.0,885.0
2014-12-04,890.0,895.0,879.0,883.0
2014-12-05,881.0,887.0,870.0,885.0
2014-12-08,888.0,890.0,880.0,882.0
2014-12-09,882.0,892.0,875.0,891.0
2014-12-10,897.0,899.0,886.0,892.0
2014-12-11,887.0,910.0,885.0,889.0
2014-12-12,889.0,903.0,888.0,902.0
2014-12-15,903.0,914.0,898.0,910.0
2014-12-16,907.0,910.0,893.0,904.0
2014-12-17,901.0,904.0,888.0,895.0
2014-12-18,899.0,899.0,889.0,895.0
2014-12-19,895.0,897.0,890.0,893.0
2014-12-22,903.0,906.0,889.0,889.0
2014-12-23,886.0,892.0,880.0,888.0
2014-12-24,889.0,908.0,888.0,907.0
2014-12-25,906.0,912.0,900.0,905.0
2014-12-26,905.0,909.0,901.0,904.0
2014-12-29,904.0,935.0,895.0,934.0
2014-12-30,941.0,954.0,938.0,954.0
2014-12-31,966.0,968.0,946.0,949.0
2015-01-05,944.0,964.0,941.0,955.0
2015-01-06,974.0,980.0,955.0,956.0
2015-01-07,950.0,956.0,945.0,953.0
2015-01-08,953.0,963.0,944.0,945.0
2015-01-09,944.0,952.0,936.0,946.0
2015-01-12,946.0,949.0,923.0,925.0
2015-01-13,922.0,929.0,918.0,924.0
2015-01-14,924.0,932.0,901.0,927.0
2015-01-15,929.0,934.0,923.0,930.0
2015-01-16,926.0,929.0,913.0,916.0
2015-01-19,913.0,920.0,907.0,915.0
2015-01-20,914.0,920.0,910.0,911.0
2015-01-21,910.0,922.0,907.0,914.0
2015-01-22,918.0,924.0,913.0,915.0
2015-01-23,914.0,922.0,902.0,908.0
2015-01-26,905.0,910.0,895.0,900.0
2015-01-27,902.0,907.0,899.0,900.0
2015-01-28,901.0,907.0,896.0,902.0
2015-01-29,903.0,917.0,903.0,916.0
2015-01-30,915.0,917.0,907.0,909.0
2015-02-02,912.0,917.0,909.0,912.0
2015-02-03,912.0,924.0,912.0,921.0
2015-02-04,926.0,931.0,917.0,917.0
2015-02-05,917.0,923.0,911.0,912.0
2015-02-06,915.0,922.0,914.0,921.0
2015-02-09,921.0,928.0,920.0,925.0
2015-02-10,926.0,931.0,924.0,931.0
2015-02-11,930.0,946.0,929.0,943.0
2015-02-12,943.0,945.0,935.0,940.0
2015-02-13,944.0,948.0,940.0,943.0
2015-02-16,944.0,950.0,936.0,946.0
2015-02-17,947.0,947.0,938.0,939.0
2015-02-24,999.0,999.0,999.0,999.0
2015-02-25,938.0,939.0,934.0,938.0
2015-02-26,942.0,964.0,940.0,964.0
2015-02-27,962.0,969.0,956.0,963.0
2015-03-02,968.0,970.0,930.0,949.0
2015-03-03,949.0,951.0,939.0,944.0
2015-03-04,945.0,960.0,944.0,949.0
2015-03-05,944.0,949.0,935.0,948.0
2015-03-06,948.0,956.0,940.0,942.0
2015-03-09,936.0,939.0,920.0,934.0
2015-03-10,935.0,940.0,922.0,923.0
2015-03-11,920.0,928.0,916.0,918.0
2015-03-12,917.0,928.0,915.0,926.0
2015-03-13,926.0,930.0,918.0,919.0
2015-03-16,915.0,927.0,912.0,925.0
2015-03-17,925.0,936.0,922.0,927.0
2015-03-18,926.0,930.0,920.0,924.0
2015-03-19,929.0,946.0,928.0,943.0
2015-03-20,944.0,953.0,942.0,951.0
2015-03-23,955.0,961.0,949.0,955.0
2015-03-24,962.0,969.0,950.0,952.0
2015-03-25,951.0,955.0,943.0,943.0
2015-03-26,945.0,957.0,940.0,956.0
2015-03-27,955.0,955.0,940.0,949.0
2015-03-30,948.0,984.0,946.0,982.0
2015-03-31,981.0,985.0,947.0,948.0
2015-04-01,942.0,954.0,937.0,942.0
2015-04-02,947.0,951.0,915.0,916.0
2015-04-03,916.0,926.0,910.0,924.0
2015-04-07,925.0,932.0,920.0,920.0
2015-04-08,885.0,887.0,857.0,876.0
2015-04-09,872.0,879.0,866.0,870.0
2015-04-10,866.0,873.0,859.0,861.0
2015-04-13,866.0,899.0,863.0,895.0
2015-04-14,891.0,898.0,886.0,894.0
2015-04-15,893.0,908.0,889.0,896.0
2015-04-16,901.0,907.0,881.0,882.0
2015-04-17,883.0,892.0,878.0,888.0
2015-04-20,895.0,900.0,875.0,875.0
2015-04-21,876.0,896.0,872.0,891.0
2015-04-22,893.0,906.0,890.0,901.0
2015-04-23,901.0,913.0,900.0,904.0
2015-04-24,914.0,929.0,913.0,928.0
2015-04-27,941.0,950.0,928.0,943.0
2015-04-28,944.0,948.0,931.0,937.0
2015-04-29,937.0,938.0,912.0,916.0
2015-04-30,923.0,929.0,918.0,923.0
2015-05-04,928.0,940.0,921.0,937.0
2015-05-05,940.0,957.0,935.0,944.0
2015-05-06,949.0,953.0,938.0,945.0
2015-05-07,937.0,942.0,932.0,937.0
2015-05-08,931.0,953.0,929.0,948.0
2015-05-11,955.0,956.0,936.0,938.0
2015-05-12,933.0,939.0,930.0,931.0
2015-05-13,933.0,938.0,924.0,930.0
2015-05-14,923.0,934.0,915.0,934.0
2015-05-15,934.0,950.0,928.0,943.0
2015-05-18,944.0,949.0,930.0,933.0
2015-05-19,931.0,934.0,923.0,926.0
2015-05-20,919.0,920.0,900.0,909.0
2015-05-21,912.0,924.0,911.0,915.0
2015-05-22,917.0,923.0,910.0,913.0
2015-05-25,910.0,918.0,906.0,913.0
2015-05-26,921.0,928.0,908.0,910.0
2015-05-27,911.0,917.0,907.0,913.0
2015-05-28,916.0,939.0,912.0,937.0
2015-05-29,939.0,945.0,932.0,943.0
2015-06-01,947.0,950.0,935.0,943.0
2015-06-02,943.0,965.0,938.0,959.0
2015-06-03,961.0,963.0,938.0,944.0
2015-06-04,943.0,958.0,938.0,951.0
2015-06-05,947.0,953.0,943.0,949.0
2015-06-08,950.0,955.0,943.0,949.0
2015-06-09,953.0,953.0,945.0,948.0
2015-06-10,951.0,954.0,945.0,951.0
2015-06-11,951.0,970.0,949.0,959.0
2015-06-12,961.0,961.0,943.0,950.0
2015-06-15,951.0,953.0,941.0,945.0
2015-06-16,943.0,949.0,930.0,934.0
2015-06-17,932.0,935.0,925.0,929.0
2015-06-18,930.0,938.0,928.0,930.0
2015-06-19,930.0,937.0,925.0,928.0
2015-06-24,929.0,934.0,923.0,933.0
2015-06-25,934.0,935.0,925.0,925.0
2015-06-26,924.0,929.0,919.0,926.0
2015-06-29,926.0,931.0,924.0,928.0
2015-06-30,929.0,929.0,905.0,906.0
2015-07-01,904.0,917.0,896.0,909.0
2015-07-02,908.0,917.0,906.0,915.0
2015-07-03,915.0,920.0,910.0,914.0
2015-07-06,915.0,917.0,891.0,899.0
2015-07-07,898.0,906.0,874.0,880.0
2015-07-08,879.0,882.0,855.0,855.0
2015-07-09,834.0,912.0,803.0,890.0
2015-07-10,892.0,901.0,881.0,884.0
2015-07-13,882.0,889.0,874.0,879.0
2015-07-14,880.0,887.0,875.0,876.0
2015-07-15,877.0,885.0,871.0,876.0
2015-07-16,876.0,877.0,861.0,870.0
2015-07-17,869.0,873.0,863.0,867.0
2015-07-20,865.0,883.0,863.0,882.0
2015-07-21,880.0,883.0,873.0,879.0
2015-07-22,879.0,886.0,868.0,873.0
2015-07-23,871.0,874.0,859.0,866.0
2015-07-24,863.0,868.0,842.0,843.0
2015-07-27,843.0,861.0,835.0,858.0
2015-07-28,856.0,866.0,850.0,858.0
2015-07-29,860.0,875.0,858.0,871.0
2015-07-30,871.0,872.0,864.0,866.0
2015-07-31,866.0,880.0,861.0,876.0
2015-08-03,877.0,895.0,876.0,888.0
2015-08-04,887.0,897.0,881.0,894.0
2015-08-05,895.0,898.0,885.0,891.0
2015-08-06,890.0,895.0,882.0,889.0
2015-08-07,889.0,905.0,887.0,902.0
2015-08-10,878.0,892.0,873.0,888.0
2015-08-11,888.0,903.0,883.0,892.0
2015-08-12,890.0,910.0,884.0,909.0
2015-08-13,909.0,916.0,903.0,909.0
2015-08-14,910.0,911.0,901.0,903.0
2015-08-17,902.0,909.0,887.0,888.0
2015-08-18,887.0,895.0,880.0,881.0
2015-08-19,882.0,900.0,876.0,899.0
2015-08-20,900.0,903.0,889.0,892.0
2015-08-21,895.0,903.0,890.0,897.0
2015-08-24,896.0,898.0,861.0,862.0
2015-08-25,859.0,873.0,851.0,860.0
2015-08-26,874.0,880.0,855.0,856.0
2015-08-27,855.0,870.0,852.0,868.0
2015-08-28,871.0,893.0,867.0,876.0
2015-08-31,875.0,876.0,844.0,844.0
2015-09-01,840.0,851.0,834.0,845.0
2015-09-02,844.0,853.0,841.0,845.0
2015-09-07,848.0,848.0,848.0,848.0
2015-09-08,832.0,842.0,830.0,841.0
2015-09-09,845.0,859.0,842.0,847.0
2015-09-10,848.0,859.0,845.0,856.0
2015-09-11,856.0,863.0,846.0,848.0
2015-09-14,847.0,857.0,841.0,843.0
2015-09-15,844.0,849.0,840.0,842.0
2015-09-16,843.0,853.0,840.0,851.0
2015-09-17,852.0,861.0,849.0,854.0
2015-09-18,854.0,858.0,850.0,852.0
2015-09-21,850.0,854.0,837.0,849.0
2015-09-22,850.0,852.0,840.0,842.0
2015-09-23,839.0,843.0,834.0,842.0
2015-09-24,842.0,844.0,820.0,820.0
2015-09-25,819.0,831.0,819.0,821.0
2015-09-28,821.0,829.0,816.0,821.0
2015-09-29,819.0,826.0,808.0,815.0
2015-09-30,817.0,819.0,811.0,815.0
2015-10-09,831.0,844.0,828.0,839.0
2015-10-12,841.0,841.0,823.0,826.0
2015-10-13,826.0,830.0,822.0,826.0
2015-10-14,826.0,831.0,818.0,821.0
2015-10-15,823.0,829.0,820.0,825.0
2015-10-16,825.0,830.0,823.0,828.0
2015-10-19,827.0,841.0,827.0,838.0
2015-10-20,837.0,847.0,834.0,839.0
2015-10-21,840.0,864.0,834.0,858.0
2015-10-22,860.0,880.0,856.0,868.0
2015-10-23,867.0,875.0,860.0,873.0
2015-10-26,874.0,877.0,865.0,868.0
2015-10-27,869.0,879.0,863.0,878.0
2015-10-28,878.0,884.0,871.0,872.0
2015-10-29,873.0,875.0,867.0,872.0
2015-10-30,872.0,886.0,869.0,884.0
2015-11-02,883.0,885.0,874.0,876.0
2015-11-03,877.0,885.0,873.0,883.0
2015-11-04,884.0,902.0,882.0,890.0
2015-11-05,890.0,896.0,868.0,874.0
2015-11-06,873.0,878.0,867.0,875.0
2015-11-09,874.0,880.0,870.0,873.0
2015-11-10,874.0,878.0,865.0,877.0
2015-11-11,877.0,878.0,870.0,872.0
2015-11-12,872.0,894.0,861.0,881.0
2015-11-13,880.0,888.0,872.0,883.0
2015-11-16,883.0,888.0,876.0,876.0
2015-11-17,877.0,878.0,858.0,872.0
2015-11-18,871.0,874.0,863.0,868.0
2015-11-19,868.0,871.0,850.0,855.0
2015-11-20,854.0,864.0,848.0,858.0
2015-11-23,859.0,873.0,854.0,865.0
2015-11-24,866.0,890.0,857.0,890.0
2015-11-25,890.0,906.0,884.0,906.0
2015-11-26,906.0,915.0,883.0,886.0
2015-11-27,883.0,897.0,883.0,897.0
2015-11-30,897.0,900.0,883.0,885.0
2015-12-01,885.0,889.0,878.0,881.0
2015-12-02,808.0,827.0,806.0,822.0
2015-12-03,822.0,825.0,814.0,822.0
2015-12-04,824.0,828.0,806.0,809.0
2015-12-07,811.0,822.0,803.0,820.0
2015-12-08,820.0,820.0,810.0,813.0
2015-12-09,812.0,817.0,804.0,816.0
2015-12-10,816.0,819.0,806.0,808.0
2015-12-11,808.0,824.0,807.0,823.0
2015-12-14,823.0,827.0,816.0,823.0
2015-12-15,821.0,839.0,820.0,825.0
2015-12-16,824.0,829.0,822.0,827.0
2015-12-17,826.0,834.0,822.0,823.0
2015-12-18,823.0,834.0,821.0,834.0
2015-12-21,834.0,842.0,826.0,839.0
2015-12-22,839.0,843.0,830.0,833.0
2015-12-23,832.0,834.0,826.0,826.0
2015-12-24,828.0,835.0,825.0,834.0
2015-12-25,834.0,840.0,825.0,826.0
2015-12-28,827.0,829.0,818.0,819.0
2015-12-29,818.0,832.0,814.0,832.0
2015-12-30,833.0,837.0,829.0,831.0
2015-12-31,831.0,840.0,828.0,831.0
2016-01-04,833.0,839.0,822.0,823.0
2016-01-05,823.0,830.0,822.0,829.0
2016-01-06,829.0,831.0,820.0,823.0
2016-01-07,822.0,830.0,821.0,830.0
2016-01-08,829.0,848.0,827.0,841.0
2016-01-11,841.0,850.0,833.0,834.0
2016-01-12,835.0,837.0,825.0,831.0
2016-01-13,831.0,834.0,828.0,830.0
2016-01-14,830.0,834.0,823.0,833.0
2016-01-15,832.0,840.0,832.0,836.0
2016-01-18,836.0,857.0,834.0,854.0
2016-01-19,855.0,861.0,850.0,860.0
2016-01-20,860.0,861.0,852.0,853.0
2016-01-21,852.0,860.0,851.0,857.0
2016-01-22,858.0,873.0,856.0,868.0
2016-01-25,868.0,870.0,851.0,856.0
2016-01-26,854.0,862.0,853.0,855.0
2016-01-27,856.0,865.0,855.0,862.0
2016-01-28,862.0,863.0,853.0,854.0
2016-01-29,855.0,858.0,846.0,851.0
2016-02-01,852.0,857.0,846.0,849.0
2016-02-02,850.0,851.0,842.0,850.0
2016-02-03,851.0,855.0,847.0,850.0
2016-02-04,850.0,865.0,849.0,865.0
2016-02-05,865.0,867.0,857.0,863.0
2016-02-15,861.0,871.0,859.0,868.0
2016-02-16,869.0,869.0,862.0,862.0
2016-02-17,862.0,885.0,860.0,884.0
2016-02-18,884.0,890.0,881.0,886.0
2016-02-19,886.0,897.0,883.0,889.0
2016-02-22,888.0,923.0,888.0,905.0
2016-02-23,905.0,909.0,892.0,901.0
2016-02-24,901.0,907.0,895.0,906.0
2016-02-25,905.0,924.0,903.0,914.0
2016-02-26,915.0,923.0,904.0,921.0
2016-02-29,922.0,922.0,907.0,918.0
2016-03-01,922.0,933.0,915.0,930.0
2016-03-02,931.0,933.0,924.0,929.0
2016-03-03,928.0,937.0,921.0,923.0
2016-03-04,923.0,932.0,921.0,929.0
2016-03-07,930.0,966.0,928.0,966.0
2016-03-08,979.0,1019.0,949.0,974.0
2016-03-09,967.0,984.0,952.0,973.0
2016-03-10,973.0,996.0,958.0,959.0
2016-03-11,957.0,970.0,953.0,959.0
2016-03-14,956.0,985.0,954.0,958.0
2016-03-15,957.0,962.0,942.0,947.0
2016-03-16,945.0,953.0,938.0,945.0
2016-03-17,945.0,958.0,933.0,941.0
2016-03-18,941.0,968.0,938.0,953.0
2016-03-21,952.0,960.0,935.0,936.0
2016-03-22,935.0,941.0,926.0,928.0
2016-03-23,928.0,946.0,927.0,934.0
2016-03-24,934.0,939.0,918.0,919.0
2016-03-25,918.0,927.0,913.0,924.0
2016-03-28,924.0,929.0,916.0,916.0
2016-03-29,916.0,925.0,916.0,919.0
2016-03-30,919.0,933.0,918.0,930.0
2016-03-31,931.0,933.0,923.0,929.0
2016-04-01,930.0,939.0,926.0,930.0
2016-04-06,924.0,928.0,919.0,924.0
2016-04-07,950.0,974.0,950.0,970.0
2016-04-08,969.0,972.0,959.0,966.0
2016-04-11,968.0,988.0,967.0,973.0
2016-04-12,975.0,1006.0,973.0,1004.0
2016-04-13,1003.0,1018.0,986.0,994.0
2016-04-14,992.0,999.0,986.0,997.0
2016-04-15,999.0,1027.0,996.0,998.0
2016-04-18,995.0,1015.0,988.0,1007.0
2016-04-19,1010.0,1033.0,1003.0,1021.0
2016-04-20,1023.0,1039.0,1013.0,1034.0
2016-04-21,1033.0,1067.0,1024.0,1056.0
2016-04-22,1056.0,1061.0,1019.0,1022.0
2016-04-25,1021.0,1057.0,1021.0,1034.0
2016-04-26,1035.0,1045.0,1004.0,1012.0
2016-04-27,1015.0,1017.0,990.0,999.0
2016-04-28,1000.0,1006.0,992.0,993.0
2016-04-29,993.0,1012.0,992.0,998.0
2016-05-03,830.0,870.0,830.0,870.0
2016-05-04,960.0,968.0,956.0,964.0
2016-05-05,966.0,970.0,955.0,957.0
2016-05-06,959.0,963.0,934.0,945.0
2016-05-09,945.0,966.0,925.0,933.0
2016-05-10,932.0,944.0,927.0,941.0
2016-05-11,941.0,959.0,941.0,957.0
2016-05-12,956.0,971.0,952.0,964.0
2016-05-13,962.0,981.0,942.0,957.0
2016-05-16,955.0,979.0,951.0,975.0
2016-05-17,976.0,983.0,963.0,977.0
2016-05-18,975.0,982.0,954.0,955.0
2016-05-19,954.0,962.0,947.0,957.0
2016-05-20,956.0,978.0,952.0,975.0
2016-05-23,975.0,978.0,932.0,940.0
2016-05-24,940.0,946.0,927.0,939.0
2016-05-25,942.0,946.0,933.0,941.0
2016-05-26,943.0,959.0,938.0,958.0
2016-05-27,957.0,974.0,948.0,973.0
2016-05-30,972.0,1000.0,967.0,1000.0
2016-05-31,1007.0,1034.0,1007.0,1023.0
2016-06-01,1024.0,1036.0,1014.0,1028.0
2016-06-02,1030.0,1045.0,1002.0,1009.0
2016-06-03,1008.0,1018.0,995.0,1008.0
2016-06-06,1011.0,1022.0,997.0,1018.0
2016-06-07,1020.0,1031.0,1013.0,1019.0
2016-06-08,1017.0,1025.0,1009.0,1020.0
2016-06-13,1018.0,1034.0,1012.0,1023.0
2016-06-14,1023.0,1027.0,1003.0,1009.0
2016-06-15,1010.0,1015.0,1002.0,1013.0
2016-06-16,1014.0,1019.0,987.0,988.0
2016-06-17,988.0,998.0,973.0,996.0
2016-06-20,996.0,1008.0,990.0,995.0
2016-06-21,995.0,1019.0,993.0,1018.0
2016-06-22,1016.0,1022.0,1009.0,1016.0
2016-06-23,1014.0,1025.0,1011.0,1019.0
2016-06-24,1019.0,1027.0,1007.0,1010.0
2016-06-27,1008.0,1059.0,1008.0,1051.0
2016-06-28,1048.0,1054.0,1037.0,1047.0
2016-06-29,1050.0,1052.0,1033.0,1044.0
2016-06-30,1043.0,1085.0,1042.0,1085.0
2016-07-01,1092.0,1123.0,1087.0,1110.0
2016-07-04,1108.0,1136.0,1102.0,1117.0
2016-07-05,1118.0,1122.0,1088.0,1121.0
2016-07-06,1120.0,1138.0,1075.0,1088.0
2016-07-07,1083.0,1112.0,1081.0,1089.0
2016-07-08,1092.0,1096.0,1052.0,1052.0
2016-07-11,1052.0,1068.0,1044.0,1058.0
2016-07-12,1060.0,1098.0,1057.0,1098.0
2016-07-13,1103.0,1116.0,1091.0,1096.0
2016-07-14,1097.0,1106.0,1072.0,1101.0
2016-07-15,1102.0,1113.0,1082.0,1095.0
2016-07-18,1098.0,1100.0,1051.0,1054.0
2016-07-19,1053.0,1078.0,1049.0,1077.0
2016-07-20,1076.0,1089.0,1068.0,1074.0
2016-07-21,1071.0,1086.0,1064.0,1081.0
2016-07-22,1080.0,1088.0,1057.0,1059.0
2016-07-25,1059.0,1092.0,1056.0,1090.0
2016-07-26,1089.0,1103.0,1078.0,1098.0
2016-07-27,1096.0,1117.0,1094.0,1106.0
2016-07-28,1107.0,1117.0,1091.0,1091.0
2016-07-29,1092.0,1097.0,1075.0,1079.0
2016-08-01,1080.0,1131.0,1072.0,1131.0
2016-08-02,1140.0,1167.0,1133.0,1157.0
2016-08-03,1159.0,1159.0,1147.0,1157.0
2016-08-04,1157.0,1174.0,1135.0,1156.0
2016-08-05,1155.0,1169.0,1145.0,1168.0
2016-08-08,1168.0,1177.0,1152.0,1176.0
2016-08-09,1175.0,1211.0,1171.0,1211.0
2016-08-10,1222.0,1227.0,1185.0,1193.0
2016-08-11,1195.0,1196.0,1160.0,1169.0
2016-08-12,1156.0,1183.0,1154.0,1182.0
2016-08-15,1181.0,1184.0,1160.0,1173.0
2016-08-16,1173.0,1220.0,1163.0,1212.0
2016-08-17,1212.0,1221.0,1200.0,1203.0
2016-08-18,1203.0,1232.0,1195.0,1208.0
2016-08-19,1208.0,1218.0,1194.0,1214.0
2016-08-22,1215.0,1234.0,1205.0,1222.0
2016-08-23,1222.0,1231.0,1213.0,1222.0
2016-08-24,1223.0,1226.0,1189.0,1190.0
2016-08-25,1191.0,1206.0,1178.0,1205.0
2016-08-26,1205.0,1231.0,1196.0,1222.0
2016-08-29,1223.0,1225.0,1181.0,1187.0
2016-08-30,1188.0,1194.0,1166.0,1175.0
2016-08-31,1176.0,1184.0,1157.0,1164.0
2016-09-01,1165.0,1173.0,1153.0,1165.0
2016-09-02,1165.0,1207.0,1162.0,1195.0
2016-09-05,1195.0,1215.0,1181.0,1188.0
2016-09-06,1188.0,1207.0,1177.0,1204.0
2016-09-07,1202.0,1208.0,1176.0,1181.0
2016-09-08,1182.0,1183.0,1162.0,1166.0
2016-09-09,1163.0,1177.0,1154.0,1168.0
2016-09-12,1169.0,1176.0,1134.0,1135.0
2016-09-13,1137.0,1142.0,1105.0,1105.0
2016-09-14,1099.0,1110.0,1093.0,1101.0
2016-09-19,1096.0,1119.0,1095.0,1114.0
2016-09-20,1114.0,1134.0,1091.0,1128.0
2016-09-21,1132.0,1142.0,1125.0,1131.0
2016-09-22,1132.0,1148.0,1112.0,1117.0
2016-09-23,1119.0,1125.0,1108.0,1119.0
2016-09-26,1119.0,1134.0,1104.0,1121.0
2016-09-27,1122.0,1129.0,1109.0,1122.0
2016-09-28,1120.0,1129.0,1104.0,1118.0
2016-09-29,1120.0,1135.0,1114.0,1119.0
2016-09-30,1119.0,1125.0,1063.0,1068.0
2016-10-10,1060.0,1080.0,1054.0,1070.0
2016-10-11,1071.0,1081.0,1065.0,1078.0
2016-10-12,1076.0,1089.0,1053.0,1080.0
2016-10-13,1080.0,1087.0,1065.0,1070.0
2016-10-14,1070.0,1080.0,1060.0,1063.0
2016-10-17,1064.0,1095.0,1059.0,1090.0
2016-10-18,1090.0,1098.0,1082.0,1090.0
2016-10-19,1089.0,1117.0,1083.0,1093.0
2016-10-20,1093.0,1114.0,1086.0,1110.0
2016-10-21,1110.0,1126.0,1107.0,1125.0
2016-10-24,1125.0,1128.0,1113.0,1123.0
2016-10-25,1122.0,1138.0,1117.0,1135.0
2016-10-26,1135.0,1146.0,1119.0,1131.0
2016-10-27,1130.0,1134.0,1102.0,1106.0
2016-10-28,1106.0,1128.0,1097.0,1120.0
2016-10-31,1121.0,1126.0,1105.0,1116.0
2016-11-01,1113.0,1160.0,1108.0,1160.0
2016-11-02,1176.0,1202.0,1166.0,1181.0
2016-11-03,1182.0,1213.0,1178.0,1201.0
2016-11-04,1201.0,1208.0,1183.0,1194.0
2016-11-07,1199.0,1244.0,1193.0,1244.0
2016-11-08,1255.0,1313.0,1205.0,1229.0
2016-11-09,1229.0,1295.0,1225.0,1255.0
2016-11-10,1261.0,1290.0,1234.0,1265.0
2016-11-11,1271.0,1315.0,1270.0,1302.0
2016-11-14,1308.0,1336.0,1228.0,1249.0
2016-11-15,1249.0,1264.0,1210.0,1210.0
2016-11-16,1209.0,1244.0,1202.0,1237.0
2016-11-17,1236.0,1241.0,1215.0,1234.0
2016-11-18,1239.0,1263.0,1210.0,1222.0
2016-11-21,1227.0,1243.0,1203.0,1230.0
2016-11-22,1239.0,1285.0,1233.0,1285.0
2016-11-23,1278.0,1296.0,1267.0,1281.0
2016-11-24,1279.0,1312.0,1255.0,1274.0
2016-11-25,1275.0,1284.0,1257.0,1276.0
2016-11-28,1277.0,1319.0,1268.0,1301.0
2016-11-29,1299.0,1303.0,1266.0,1268.0
2016-11-30,1267.0,1273.0,1223.0,1226.0
2016-12-01,1234.0,1265.0,1234.0,1257.0
2016-12-02,1257.0,1262.0,1196.0,1221.0
2016-12-05,1178.0,1228.0,1178.0,1219.0
2016-12-06,1226.0,1234.0,1195.0,1204.0
2016-12-07,1204.0,1274.0,1200.0,1274.0
2016-12-08,1289.0,1311.0,1250.0,1306.0
2016-12-09,1309.0,1318.0,1265.0,1292.0
2016-12-12,1294.0,1356.0,1292.0,1331.0
2016-12-13,1335.0,1378.0,1320.0,1368.0
2016-12-14,1371.0,1390.0,1332.0,1354.0
2016-12-15,1357.0,1385.0,1340.0,1363.0
2016-12-16,1359.0,1389.0,1354.0,1365.0
2016-12-19,1364.0,1369.0,1304.0,1309.0
2016-12-20,1306.0,1317.0,1290.0,1311.0
2016-12-21,1317.0,1323.0,1257.0,1277.0
2016-12-22,1275.0,1285.0,1231.0,1233.0
2016-12-23,1233.0,1255.0,1225.0,1248.0
2016-12-26,1248.0,1256.0,1195.0,1216.0
2016-12-27,1214.0,1250.0,1203.0,1244.0
2016-12-28,1249.0,1281.0,1238.0,1264.0
2016-12-29,1266.0,1268.0,1240.0,1254.0
2016-12-30,1252.0,1258.0,1213.0,1222.0
2017-01-03,1298.0,1305.0,1209.0,1209.0
2017-01-04,1208.0,1216.0,1177.0,1208.0
2017-01-05,1206.0,1224.0,1203.0,1211.0
2017-01-06,1211.0,1230.0,1198.0,1206.0
2017-01-09,1207.0,1229.0,1202.0,1228.0
2017-01-10,1226.0,1277.0,1218.0,1277.0
2017-01-11,1278.0,1285.0,1260.0,1267.0
2017-01-12,1265.0,1280.0,1248.0,1259.0
2017-01-13,1261.0,1295.0,1258.0,1275.0
2017-01-16,1275.0,1334.0,1270.0,1314.0
2017-01-17,1311.0,1322.0,1277.0,1295.0
2017-01-18,1298.0,1310.0,1286.0,1297.0
2017-01-19,1294.0,1307.0,1281.0,1301.0
2017-01-20,1302.0,1327.0,1297.0,1301.0
2017-01-23,1304.0,1307.0,1272.0,1283.0
2017-01-24,1280.0,1318.0,1280.0,1308.0
2017-01-25,1310.0,1323.0,1301.0,1319.0
2017-01-26,1315.0,1329.0,1309.0,1323.0
2017-02-03,1345.0,1349.0,1282.0,1288.0
2017-02-06,1289.0,1305.0,1286.0,1288.0
2017-02-07,1291.0,1297.0,1269.0,1292.0
2017-02-08,1291.0,1319.0,1283.0,1316.0
2017-02-09,1318.0,1321.0,1303.0,1304.0
2017-02-10,1306.0,1377.0,1300.0,1376.0
2017-02-13,1380.0,1397.0,1363.0,1385.0
2017-02-14,1384.0,1393.0,1368.0,1386.0
2017-02-15,1390.0,1399.0,1358.0,1365.0
2017-02-16,1362.0,1393.0,1348.0,1365.0
2017-02-17,1365.0,1424.0,1361.0,1375.0
2017-02-20,1375.0,1389.0,1354.0,1384.0
2017-02-21,1386.0,1404.0,1362.0,1365.0
2017-02-22,1368.0,1373.0,1341.0,1359.0
2017-02-23,1356.0,1366.0,1331.0,1340.0
2017-02-24,1345.0,1350.0,1313.0,1344.0
2017-02-27,1344.0,1375.0,1336.0,1351.0
2017-02-28,1353.0,1354.0,1315.0,1320.0
2017-03-01,1321.0,1332.0,1307.0,1324.0
2017-03-02,1326.0,1340.0,1318.0,1326.0
2017-03-03,1323.0,1325.0,1295.0,1312.0
2017-03-06,1312.0,1324.0,1303.0,1320.0
2017-03-07,1320.0,1327.0,1314.0,1321.0
2017-03-08,1321.0,1324.0,1254.0,1254.0
2017-03-09,1250.0,1253.0,1214.0,1227.0
2017-03-10,1224.0,1244.0,1218.0,1223.0
2017-03-13,1226.0,1249.0,1202.0,1247.0
2017-03-14,1246.0,1258.0,1236.0,1240.0
2017-03-15,1237.0,1262.0,1219.0,1256.0
2017-03-16,1259.0,1260.0,1204.0,1249.0
2017-03-17,1250.0,1253.0,1233.0,1241.0
2017-03-20,1244.0,1248.0,1218.0,1232.0
2017-03-21,1234.0,1241.0,1214.0,1236.0
2017-03-22,1235.0,1240.0,1190.0,1197.0
2017-03-23,1198.0,1212.0,1196.0,1202.0
2017-03-24,1202.0,1222.0,1192.0,1213.0
2017-03-27,1213.0,1219.0,1178.0,1202.0
2017-03-28,1200.0,1258.0,1200.0,1258.0
2017-03-29,1262.0,1283.0,1259.0,1276.0
2017-03-30,1273.0,1285.0,1260.0,1283.0
2017-03-31,1285.0,1309.0,1273.0,1307.0
2017-04-05,1317.0,1327.0,1283.0,1299.0
2017-04-06,1301.0,1310.0,1287.0,1303.0
2017-04-07,1303.0,1314.0,1281.0,1301.0
2017-04-10,1299.0,1309.0,1291.0,1294.0
2017-04-11,1284.0,1288.0,1227.0,1232.0
2017-04-12,1232.0,1243.0,1218.0,1221.0
2017-04-13,1221.0,1252.0,1211.0,1237.0
2017-04-14,1237.0,1255.0,1223.0,1227.0
2017-04-17,1229.0,1245.0,1204.0,1216.0
2017-04-18,1218.0,1224.0,1206.0,1210.0
2017-04-19,1203.0,1245.0,1181.0,1243.0
2017-04-20,1243.0,1274.0,1229.0,1274.0
2017-04-21,1280.0,1299.0,1276.0,1285.0
2017-04-24,1285.0,1313.0,1264.0,1308.0
2017-04-25,1308.0,1313.0,1287.0,1294.0
2017-04-26,1292.0,1309.0,1275.0,1277.0
2017-04-27,1280.0,1297.0,1271.0,1296.0
2017-04-28,1295.0,1318.0,1285.0,1299.0
2017-05-02,1308.0,1310.0,1281.0,1298.0
2017-05-03,1299.0,1302.0,1287.0,1297.0
2017-05-04,1293.0,1299.0,1234.0,1246.0
2017-05-05,1243.0,1255.0,1227.0,1229.0
2017-05-08,1231.0,1252.0,1231.0,1235.0
2017-05-09,1232.0,1242.0,1217.0,1237.0
2017-05-10,1238.0,1249.0,1221.0,1228.0
2017-05-11,1228.0,1284.0,1215.0,1278.0
2017-05-12,1276.0,1280.0,1256.0,1264.0
2017-05-15,1265.0,1294.0,1252.0,1288.0
2017-05-16,1291.0,1298.0,1270.0,1287.0
2017-05-17,1288.0,1290.0,1262.0,1266.0
2017-05-18,1267.0,1289.0,1264.0,1279.0
2017-05-19,1273.0,1341.0,1270.0,1341.0
2017-05-22,1349.0,1359.0,1335.0,1338.0
2017-05-23,1339.0,1358.0,1337.0,1349.0
2017-05-24,1350.0,1358.0,1326.0,1342.0
2017-05-25,1343.0,1352.0,1322.0,1337.0
2017-05-26,1338.0,1351.0,1328.0,1349.0
2017-05-31,1356.0,1392.0,1300.0,1305.0
2017-06-01,1306.0,1312.0,1282.0,1296.0
2017-06-02,1299.0,1316.0,1288.0,1303.0
2017-06-05,1303.0,1336.0,1296.0,1310.0
2017-06-06,1307.0,1320.0,1298.0,1304.0
2017-06-07,1304.0,1317.0,1292.0,1298.0
2017-06-08,1300.0,1320.0,1288.0,1313.0
2017-06-09,1313.0,1329.0,1311.0,1325.0
2017-06-12,1328.0,1335.0,1310.0,1311.0
2017-06-13,1310.0,1313.0,1296.0,1304.0
2017-06-14,1302.0,1329.0,1293.0,1327.0
2017-06-15,1325.0,1327.0,1308.0,1315.0
2017-06-16,1314.0,1344.0,1308.0,1336.0
2017-06-19,1336.0,1340.0,1308.0,1309.0
2017-06-20,1310.0,1315.0,1302.0,1306.0
2017-06-21,1306.0,1312.0,1300.0,1309.0
2017-06-22,1310.0,1314.0,1261.0,1265.0
2017-06-23,1269.0,1279.0,1262.0,1268.0
2017-06-26,1271.0,1282.0,1264.0,1274.0
2017-06-27,1271.0,1291.0,1265.0,1289.0
2017-06-28,1289.0,1301.0,1282.0,1293.0
2017-06-29,1291.0,1357.0,1287.0,1357.0
2017-06-30,1359.0,1369.0,1348.0,1368.0
2017-07-03,1364.0,1372.0,1357.0,1368.0
2017-07-04,1368.0,1369.0,1341.0,1348.0
2017-07-05,1350.0,1385.0,1347.0,1373.0
2017-07-06,1367.0,1373.0,1352.0,1367.0
2017-07-07,1365.0,1374.0,1354.0,1366.0
2017-07-10,1363.0,1380.0,1345.0,1356.0
2017-07-11,1356.0,1397.0,1349.0,1375.0
2017-07-12,1374.0,1389.0,1351.0,1356.0
2017-07-13,1357.0,1366.0,1340.0,1366.0
2017-07-14,1365.0,1368.0,1348.0,1356.0
2017-07-17,1358.0,1393.0,1356.0,1381.0
2017-07-18,1383.0,1395.0,1371.0,1382.0
2017-07-19,1385.0,1452.0,1383.0,1452.0
2017-07-20,1454.0,1455.0,1418.0,1425.0
2017-07-21,1426.0,1433.0,1412.0,1427.0
2017-07-24,1425.0,1433.0,1401.0,1410.0
2017-07-25,1410.0,1425.0,1409.0,1414.0
2017-07-26,1417.0,1422.0,1382.0,1395.0
2017-07-27,1395.0,1407.0,1391.0,1399.0
2017-07-28,1399.0,1414.0,1387.0,1395.0
2017-07-31,1399.0,1430.0,1395.0,1422.0
2017-08-01,1420.0,1425.0,1410.0,1417.0
2017-08-02,1420.0,1441.0,1402.0,1415.0
2017-08-03,1416.0,1428.0,1408.0,1414.0
2017-08-04,1418.0,1435.0,1405.0,1407.0
2017-08-07,1405.0,1426.0,1383.0,1386.0
2017-08-08,1391.0,1392.0,1377.0,1388.0
2017-08-09,1391.0,1432.0,1389.0,1417.0
2017-08-10,1426.0,1442.0,1417.0,1424.0
2017-08-11,1422.0,1432.0,1396.0,1407.0
2017-08-14,1406.0,1434.0,1404.0,1417.0
2017-08-15,1415.0,1422.0,1389.0,1402.0
2017-08-16,1406.0,1412.0,1395.0,1411.0
2017-08-17,1412.0,1450.0,1412.0,1441.0
2017-08-18,1438.0,1446.0,1433.0,1443.0
2017-08-21,1439.0,1466.0,1427.0,1454.0
2017-08-22,1452.0,1463.0,1445.0,1456.0
2017-08-23,1452.0,1457.0,1432.0,1439.0
2017-08-24,1443.0,1461.0,1432.0,1454.0
2017-08-25,1455.0,1467.0,1445.0,1445.0
2017-08-28,1448.0,1452.0,1425.0,1445.0
2017-08-29,1447.0,1448.0,1430.0,1435.0
2017-08-30,1439.0,1445.0,1426.0,1445.0
2017-08-31,1442.0,1445.0,1406.0,1420.0
2017-09-01,1423.0,1435.0,1414.0,1416.0
2017-09-04,1420.0,1440.0,1390.0,1395.0
2017-09-05,1400.0,1408.0,1392.0,1402.0
2017-09-06,1405.0,1414.0,1384.0,1396.0
2017-09-07,1402.0,1403.0,1375.0,1381.0
2017-09-08,1385.0,1393.0,1365.0,1374.0
2017-09-11,1374.0,1385.0,1369.0,1379.0
2017-09-12,1378.0,1395.0,1375.0,1390.0
2017-09-13,1388.0,1395.0,1375.0,1377.0
2017-09-14,1379.0,1408.0,1369.0,1403.0
2017-09-15,1405.0,1405.0,1355.0,1360.0
2017-09-18,1361.0,1369.0,1334.0,1349.0
2017-09-19,1350.0,1352.0,1336.0,1338.0
2017-09-20,1339.0,1349.0,1331.0,1346.0
2017-09-21,1345.0,1355.0,1331.0,1338.0
2017-09-22,1338.0,1350.0,1334.0,1336.0
2017-09-25,1340.0,1359.0,1317.0,1350.0
2017-09-26,1352.0,1355.0,1324.0,1327.0
2017-09-27,1326.0,1342.0,1322.0,1333.0
2017-09-28,1333.0,1337.0,1314.0,1322.0
2017-09-29,1323.0,1325.0,1308.0,1312.0
2017-10-10,1305.0,1370.0,1305.0,1362.0
2017-10-11,1362.0,1367.0,1346.0,1360.0
2017-10-12,1360.0,1375.0,1343.0,1358.0
2017-10-13,1359.0,1378.0,1358.0,1374.0
2017-10-16,1375.0,1388.0,1363.0,1384.0
2017-10-17,1384.0,1385.0,1370.0,1376.0
2017-10-18,1377.0,1383.0,1366.0,1379.0
2017-10-19,1380.0,1384.0,1361.0,1364.0
2017-10-20,1363.0,1401.0,1356.0,1397.0
2017-10-23,1395.0,1398.0,1358.0,1362.0
2017-10-24,1362.0,1371.0,1353.0,1359.0
2017-10-25,1360.0,1365.0,1336.0,1341.0
2017-10-26,1343.0,1345.0,1326.0,1333.0
2017-10-27,1333.0,1334.0,1310.0,1318.0
2017-10-30,1318.0,1330.0,1313.0,1317.0
2017-10-31,1319.0,1334.0,1314.0,1317.0
2017-11-01,1330.0,1367.0,1320.0,1351.0
2017-11-02,1352.0,1364.0,1344.0,1359.0
2017-11-03,1358.0,1358.0,1348.0,1354.0
2017-11-06,1357.0,1376.0,1353.0,1369.0
2017-11-07,1368.0,1383.0,1365.0,1380.0
2017-11-08,1381.0,1395.0,1374.0,1385.0
2017-11-09,1385.0,1410.0,1371.0,1407.0
2017-11-10,1408.0,1429.0,1399.0,1420.0
2017-11-13,1420.0,1427.0,1415.0,1420.0
2017-11-14,1428.0,1439.0,1420.0,1434.0
2017-11-15,1433.0,1446.0,1422.0,1429.0
2017-11-16,1435.0,1457.0,1425.0,1444.0
2017-11-17,1445.0,1474.0,1443.0,1467.0
2017-11-20,1476.0,1517.0,1463.0,1512.0
2017-11-21,1511.0,1523.0,1489.0,1497.0
2017-11-22,1494.0,1508.0,1481.0,1491.0
2017-11-23,1489.0,1490.0,1467.0,1481.0
2017-11-24,1484.0,1490.0,1466.0,1488.0
2017-11-27,1488.0,1500.0,1467.0,1470.0
2017-11-28,1468.0,1474.0,1451.0,1460.0
2017-11-29,1445.0,1470.0,1443.0,1463.0
2017-11-30,1466.0,1491.0,1443.0,1445.0
2017-12-01,1445.0,1470.0,1437.0,1464.0
2017-12-04,1464.0,1522.0,1454.0,1500.0
2017-12-05,1503.0,1510.0,1483.0,1489.0
2017-12-06,1488.0,1505.0,1482.0,1499.0
2017-12-07,1499.0,1507.0,1440.0,1458.0
2017-12-08,1460.0,1473.0,1448.0,1464.0
2017-12-11,1466.0,1473.0,1448.0,1458.0
2017-12-12,1462.0,1464.0,1444.0,1452.0
2017-12-13,1452.0,1489.0,1446.0,1479.0
2017-12-14,1477.0,1481.0,1433.0,1435.0
2017-12-15,1436.0,1453.0,1433.0,1444.0
2017-12-18,1445.0,1485.0,1444.0,1479.0
2017-12-19,1479.0,1498.0,1462.0,1479.0
2017-12-20,1479.0,1494.0,1476.0,1486.0
2017-12-21,1488.0,1498.0,1472.0,1492.0
2017-12-22,1497.0,1514.0,1488.0,1512.0
2017-12-25,1514.0,1518.0,1484.0,1491.0
2017-12-26,1492.0,1496.0,1482.0,1488.0
2017-12-27,1487.0,1492.0,1468.0,1472.0
2017-12-28,1473.0,1479.0,1463.0,1474.0
2017-12-29,1474.0,1489.0,1466.0,1483.0
2018-01-02,1487.0,1487.0,1455.0,1462.0
2018-01-03,1464.0,1467.0,1441.0,1454.0
2018-01-04,1455.0,1474.0,1444.0,1471.0
2018-01-05,1470.0,1472.0,1452.0,1460.0
2018-01-08,1457.0,1514.0,1455.0,1512.0
2018-01-09,1512.0,1514.0,1501.0,1507.0
2018-01-10,1510.0,1517.0,1500.0,1508.0
2018-01-11,1515.0,1515.0,1482.0,1492.0
2018-01-12,1493.0,1499.0,1487.0,1496.0
2018-01-15,1494.0,1495.0,1478.0,1482.0
2018-01-16,1481.0,1489.0,1464.0,1467.0
2018-01-17,1466.0,1480.0,1465.0,1475.0
2018-01-18,1474.0,1497.0,1467.0,1492.0
2018-01-19,1492.0,1495.0,1483.0,1486.0
2018-01-22,1484.0,1489.0,1450.0,1457.0
2018-01-23,1458.0,1475.0,1451.0,1467.0
2018-01-24,1465.0,1474.0,1454.0,1459.0
2018-01-25,1460.0,1493.0,1451.0,1488.0
2018-01-26,1488.0,1492.0,1473.0,1485.0
2018-01-29,1484.0,1505.0,1483.0,1497.0
2018-01-30,1495.0,1501.0,1483.0,1494.0
2018-01-31,1492.0,1498.0,1467.0,1478.0
2018-02-01,1480.0,1480.0,1462.0,1463.0
2018-02-02,1462.0,1492.0,1461.0,1487.0
2018-02-05,1484.0,1495.0,1480.0,1486.0
2018-02-06,1485.0,1498.0,1478.0,1482.0
2018-02-07,1485.0,1493.0,1474.0,1488.0
2018-02-08,1485.0,1518.0,1465.0,1466.0
2018-02-09,1467.0,1477.0,1450.0,1451.0
2018-02-12,1450.0,1459.0,1435.0,1442.0
2018-02-13,1446.0,1454.0,1440.0,1446.0
2018-02-14,1448.0,1465.0,1444.0,1461.0
2018-02-22,1467.0,1467.0,1440.0,1446.0
2018-02-23,1445.0,1494.0,1442.0,1488.0
2018-02-26,1488.0,1498.0,1478.0,1489.0
2018-02-27,1489.0,1495.0,1483.0,1492.0
2018-02-28,1490.0,1503.0,1484.0,1496.0
2018-03-01,1495.0,1505.0,1484.0,1497.0
2018-03-02,1494.0,1502.0,1488.0,1498.0
2018-03-05,1498.0,1508.0,1481.0,1484.0
2018-03-06,1483.0,1491.0,1473.0,1484.0
2018-03-07,1488.0,1495.0,1475.0,1480.0
2018-03-08,1481.0,1490.0,1465.0,1466.0
2018-03-09,1465.0,1476.0,1455.0,1461.0
2018-03-12,1463.0,1490.0,1460.0,1473.0
2018-03-13,1473.0,1478.0,1463.0,1471.0
2018-03-14,1475.0,1485.0,1463.0,1468.0
2018-03-15,1470.0,1472.0,1451.0,1457.0
2018-03-16,1459.0,1475.0,1448.0,1471.0
2018-03-19,1474.0,1497.0,1468.0,1483.0
2018-03-20,1480.0,1487.0,1457.0,1463.0
2018-03-21,1463.0,1477.0,1445.0,1460.0
2018-03-22,1459.0,1463.0,1387.0,1387.0
2018-03-23,1387.0,1400.0,1336.0,1375.0
2018-03-26,1376.0,1394.0,1368.0,1386.0
2018-03-27,1384.0,1399.0,1368.0,1375.0
2018-03-28,1377.0,1380.0,1360.0,1373.0
2018-03-29,1375.0,1383.0,1365.0,1380.0
2018-03-30,1380.0,1423.0,1369.0,1416.0
2018-04-02,1416.0,1430.0,1382.0,1391.0
2018-04-03,1391.0,1397.0,1371.0,1390.0
2018-04-04,1387.0,1394.0,1374.0,1385.0
2018-04-09,1368.0,1390.0,1361.0,1385.0
2018-04-10,1337.0,1352.0,1335.0,1343.0
2018-04-11,1342.0,1367.0,1342.0,1351.0
2018-04-12,1351.0,1359.0,1345.0,1357.0
2018-04-13,1356.0,1372.0,1351.0,1370.0
2018-04-16,1367.0,1371.0,1340.0,1351.0
2018-04-17,1350.0,1360.0,1345.0,1347.0
2018-04-18,1350.0,1376.0,1349.0,1373.0
2018-04-19,1380.0,1388.0,1370.0,1384.0
2018-04-20,1383.0,1385.0,1372.0,1373.0
2018-04-23,1373.0,1392.0,1372.0,1385.0
2018-04-24,1380.0,1398.0,1379.0,1391.0
2018-04-25,1391.0,1400.0,1375.0,1381.0
2018-04-26,1380.0,1385.0,1376.0,1381.0
2018-04-27,1383.0,1383.0,1363.0,1377.0
2018-05-02,1378.0,1384.0,1358.0,1377.0
2018-05-03,1376.0,1390.0,1372.0,1385.0
2018-05-04,1381.0,1389.0,1366.0,1371.0
2018-05-07,1371.0,1386.0,1368.0,1383.0
2018-05-08,1385.0,1389.0,1376.0,1380.0
2018-05-09,1361.0,1362.0,1342.0,1349.0
2018-05-10,1352.0,1362.0,1348.0,1352.0
2018-05-11,1357.0,1360.0,1348.0,1351.0
2018-05-14,1352.0,1367.0,1346.0,1363.0
2018-05-15,1361.0,1370.0,1353.0,1365.0
2018-05-16,1365.0,1384.0,1358.0,1365.0
2018-05-17,1366.0,1373.0,1364.0,1366.0
2018-05-18,1366.0,1371.0,1342.0,1353.0
2018-05-21,1351.0,1392.0,1350.0,1380.0
2018-05-22,1379.0,1389.0,1377.0,1382.0
2018-05-23,1384.0,1388.0,1366.0,1377.0
2018-05-24,1377.0,1399.0,1372.0,1386.0
2018-05-25,1386.0,1392.0,1380.0,1389.0
2018-05-28,1388.0,1435.0,1382.0,1424.0
2018-05-29,1424.0,1428.0,1415.0,1426.0
2018-05-30,1426.0,1430.0,1418.0,1423.0
2018-05-31,1422.0,1442.0,1419.0,1434.0
2018-06-01,1434.0,1455.0,1432.0,1451.0
2018-06-04,1451.0,1465.0,1441.0,1445.0
2018-06-05,1447.0,1449.0,1436.0,1448.0
2018-06-06,1447.0,1457.0,1437.0,1444.0
2018-06-07,1446.0,1469.0,1441.0,1459.0
2018-06-08,1458.0,1462.0,1445.0,1453.0
2018-06-11,1453.0,1458.0,1445.0,1447.0
2018-06-12,1447.0,1460.0,1437.0,1459.0
2018-06-13,1459.0,1460.0,1435.0,1439.0
2018-06-14,1442.0,1449.0,1438.0,1442.0
2018-06-15,1441.0,1484.0,1439.0,1477.0
2018-06-19,1465.0,1482.0,1451.0,1460.0
2018-06-20,1461.0,1474.0,1455.0,1464.0
2018-06-21,1461.0,1474.0,1458.0,1461.0
2018-06-22,1460.0,1461.0,1441.0,1453.0
2018-06-25,1457.0,1459.0,1444.0,1446.0
2018-06-26,1441.0,1443.0,1420.0,1424.0
2018-06-27,1423.0,1433.0,1422.0,1429.0
2018-06-28,1428.0,1446.0,1427.0,1439.0
2018-06-29,1439.0,1463.0,1429.0,1457.0
2018-07-02,1453.0,1460.0,1441.0,1453.0
2018-07-03,1454.0,1459.0,1452.0,1457.0
2018-07-04,1458.0,1474.0,1457.0,1463.0
2018-07-05,1463.0,1470.0,1454.0,1459.0
2018-07-06,1459.0,1468.0,1447.0,1462.0
2018-07-09,1461.0,1467.0,1455.0,1460.0
2018-07-10,1461.0,1482.0,1459.0,1470.0
2018-07-11,1470.0,1475.0,1462.0,1467.0
2018-07-12,1467.0,1492.0,1464.0,1487.0
2018-07-13,1487.0,1496.0,1481.0,1486.0
2018-07-16,1485.0,1492.0,1484.0,1486.0
2018-07-17,1486.0,1488.0,1472.0,1479.0
2018-07-18,1479.0,1483.0,1474.0,1475.0
2018-07-19,1475.0,1482.0,1469.0,1473.0
2018-07-20,1474.0,1479.0,1469.0,1479.0
2018-07-23,1476.0,1479.0,1463.0,1472.0
2018-07-24,1473.0,1498.0,1473.0,1488.0
2018-07-25,1487.0,1491.0,1484.0,1484.0
2018-07-26,1486.0,1486.0,1472.0,1475.0
2018-07-27,1474.0,1483.0,1469.0,1481.0
2018-07-30,1482.0,1493.0,1481.0,1491.0
2018-07-31,1491.0,1496.0,1477.0,1479.0
2018-08-01,1480.0,1487.0,1471.0,1486.0
2018-08-02,1483.0,1486.0,1475.0,1478.0
2018-08-03,1478.0,1505.0,1459.0,1462.0
2018-08-06,1462.0,1470.0,1456.0,1465.0
2018-08-07,1464.0,1486.0,1457.0,1468.0
2018-08-08,1468.0,1476.0,1463.0,1469.0
2018-08-09,1420.0,1433.0,1410.0,1432.0
2018-08-10,1431.0,1445.0,1425.0,1430.0
2018-08-13,1428.0,1449.0,1416.0,1442.0
2018-08-14,1443.0,1494.0,1443.0,1464.0
2018-08-15,1463.0,1470.0,1450.0,1460.0
2018-08-16,1458.0,1475.0,1400.0,1413.0
2018-08-17,1419.0,1432.0,1411.0,1428.0
2018-08-20,1433.0,1438.0,1407.0,1433.0
2018-08-21,1435.0,1439.0,1421.0,1429.0
2018-08-22,1430.0,1450.0,1429.0,1447.0
2018-08-23,1450.0,1459.0,1444.0,1449.0
2018-08-24,1450.0,1466.0,1443.0,1466.0
2018-08-27,1466.0,1469.0,1458.0,1465.0
2018-08-28,1464.0,1471.0,1452.0,1460.0
2018-08-29,1460.0,1463.0,1452.0,1456.0
2018-08-30,1457.0,1457.0,1445.0,1450.0
2018-08-31,1451.0,1459.0,1436.0,1436.0
2018-09-03,1436.0,1438.0,1406.0,1421.0
2018-09-04,1420.0,1426.0,1409.0,1413.0
2018-09-05,1413.0,1417.0,1357.0,1378.0
2018-09-06,1378.0,1387.0,1362.0,1369.0
2018-09-07,1372.0,1381.0,1342.0,1349.0
2018-09-10,1349.0,1364.0,1346.0,1357.0
2018-09-11,1357.0,1362.0,1329.0,1350.0
2018-09-12,1349.0,1364.0,1337.0,1356.0
2018-09-13,1356.0,1370.0,1342.0,1355.0
2018-09-14,1357.0,1359.0,1347.0,1348.0
2018-09-17,1347.0,1364.0,1342.0,1351.0
2018-09-18,1348.0,1358.0,1343.0,1355.0
2018-09-19,1357.0,1367.0,1331.0,1362.0
2018-09-20,1361.0,1374.0,1356.0,1360.0
2018-09-21,1363.0,1372.0,1356.0,1369.0
2018-09-25,1368.0,1378.0,1360.0,1367.0
2018-09-26,1366.0,1375.0,1364.0,1374.0
2018-09-27,1374.0,1376.0,1353.0,1355.0
2018-09-28,1356.0,1358.0,1334.0,1348.0
2018-10-08,1351.0,1352.0,1306.0,1340.0
2018-10-09,1342.0,1354.0,1327.0,1348.0
2018-10-10,1347.0,1354.0,1341.0,1348.0
2018-10-11,1348.0,1348.0,1324.0,1331.0
2018-10-12,1333.0,1340.0,1327.0,1338.0
2018-10-15,1337.0,1341.0,1311.0,1322.0
2018-10-16,1321.0,1328.0,1313.0,1318.0
2018-10-17,1318.0,1328.0,1313.0,1325.0
2018-10-18,1324.0,1327.0,1301.0,1306.0
2018-10-19,1306.0,1322.0,1296.0,1314.0
2018-10-22,1314.0,1329.0,1309.0,1327.0
2018-10-23,1325.0,1331.0,1320.0,1323.0
2018-10-24,1323.0,1332.0,1321.0,1330.0
2018-10-25,1329.0,1332.0,1313.0,1322.0
2018-10-26,1325.0,1336.0,1322.0,1331.0
2018-10-29,1328.0,1330.0,1314.0,1322.0
2018-10-30,1325.0,1338.0,1323.0,1329.0
2018-10-31,1326.0,1328.0,1315.0,1327.0
2018-11-01,1327.0,1336.0,1317.0,1323.0
2018-11-02,1326.0,1341.0,1306.0,1337.0
2018-11-05,1336.0,1339.0,1329.0,1332.0
2018-11-06,1329.0,1335.0,1315.0,1317.0
2018-11-07,1319.0,1323.0,1309.0,1320.0
2018-11-08,1317.0,1320.0,1274.0,1298.0
2018-11-09,1299.0,1300.0,1282.0,1284.0
2018-11-12,1283.0,1285.0,1251.0,1259.0
2018-11-13,1255.0,1272.0,1246.0,1260.0
2018-11-14,1263.0,1270.0,1256.0,1264.0
2018-11-15,1263.0,1269.0,1260.0,1266.0
2018-11-16,1263.0,1288.0,1263.0,1280.0
2018-11-19,1281.0,1303.0,1277.0,1296.0
2018-11-20,1297.0,1301.0,1288.0,1294.0
2018-11-21,1296.0,1303.0,1268.0,1299.0
2018-11-22,1300.0,1314.0,1286.0,1310.0
2018-11-23,1310.0,1317.0,1302.0,1307.0
2018-11-26,1307.0,1312.0,1276.0,1286.0
2018-11-27,1288.0,1312.0,1283.0,1303.0
2018-11-28,1303.0,1314.0,1293.0,1307.0
2018-11-29,1307.0,1314.0,1305.0,1309.0
2018-11-30,1310.0,1310.0,1281.0,1289.0
2018-12-03,1309.0,1311.0,1305.0,1306.0
2018-12-04,1306.0,1307.0,1295.0,1305.0
2018-12-05,1303.0,1316.0,1303.0,1314.0
2018-12-06,1316.0,1318.0,1307.0,1311.0
2018-12-07,1313.0,1335.0,1309.0,1331.0
2018-12-10,1332.0,1340.0,1325.0,1328.0
2018-12-11,1325.0,1327.0,1302.0,1306.0
2018-12-12,1307.0,1310.0,1293.0,1293.0
2018-12-13,1273.0,1288.0,1266.0,1283.0
2018-12-14,1281.0,1299.0,1278.0,1297.0
2018-12-17,1298.0,1311.0,1291.0,1307.0
2018-12-18,1308.0,1313.0,1293.0,1298.0
2018-12-19,1295.0,1301.0,1288.0,1295.0
2018-12-20,1298.0,1307.0,1288.0,1301.0
2018-12-21,1298.0,1309.0,1296.0,1299.0
2018-12-24,1301.0,1305.0,1277.0,1282.0
2018-12-25,1283.0,1287.0,1268.0,1281.0
2018-12-26,1281.0,1288.0,1276.0,1283.0
2018-12-27,1284.0,1303.0,1277.0,1284.0
2018-12-28,1281.0,1295.0,1278.0,1294.0
2019-01-02,1298.0,1298.0,1283.0,1284.0
2019-01-03,1282.0,1305.0,1281.0,1303.0
2019-01-04,1303.0,1318.0,1300.0,1316.0
2019-01-07,1316.0,1319.0,1306.0,1316.0
2019-01-08,1316.0,1317.0,1306.0,1310.0
2019-01-09,1310.0,1315.0,1303.0,1309.0
2019-01-10,1308.0,1316.0,1305.0,1307.0
2019-01-11,1307.0,1326.0,1307.0,1323.0
2019-01-14,1323.0,1324.0,1315.0,1317.0
2019-01-15,1320.0,1320.0,1306.0,1308.0
2019-01-16,1305.0,1322.0,1304.0,1317.0
2019-01-17,1315.0,1319.0,1306.0,1306.0
2019-01-18,1307.0,1314.0,1294.0,1311.0
2019-01-21,1314.0,1347.0,1310.0,1343.0
2019-01-22,1340.0,1340.0,1330.0,1333.0
2019-01-23,1335.0,1342.0,1330.0,1335.0
2019-01-24,1334.0,1339.0,1328.0,1338.0
2019-01-25,1338.0,1350.0,1334.0,1341.0
2019-01-28,1343.0,1362.0,1340.0,1340.0
2019-01-29,1339.0,1346.0,1336.0,1340.0
2019-01-30,1340.0,1366.0,1339.0,1356.0
2019-01-31,1356.0,1372.0,1356.0,1366.0
2019-02-01,1366.0,1384.0,1364.0,1380.0
2019-02-11,1390.0,1396.0,1377.0,1382.0
2019-02-12,1383.0,1383.0,1363.0,1365.0
2019-02-13,1365.0,1370.0,1350.0,1353.0
2019-02-14,1352.0,1355.0,1340.0,1342.0
2019-02-15,1343.0,1346.0,1321.0,1329.0
2019-02-18,1329.0,1335.0,1321.0,1327.0
2019-02-19,1328.0,1359.0,1324.0,1358.0
2019-02-20,1359.0,1362.0,1345.0,1355.0
2019-02-21,1352.0,1367.0,1339.0,1358.0
2019-02-22,1355.0,1358.0,1345.0,1355.0
2019-02-25,1357.0,1366.0,1354.0,1357.0
2019-02-26,1358.0,1363.0,1346.0,1359.0
2019-02-27,1359.0,1370.0,1357.0,1362.0
2019-02-28,1365.0,1374.0,1323.0,1325.0
2019-03-01,1322.0,1335.0,1318.0,1333.0
2019-03-04,1331.0,1338.0,1305.0,1316.0
2019-03-05,1315.0,1321.0,1307.0,1308.0
2019-03-06,1303.0,1310.0,1296.0,1305.0
2019-03-07,1305.0,1318.0,1302.0,1306.0
2019-03-08,1309.0,1316.0,1302.0,1305.0
2019-03-11,1303.0,1304.0,1283.0,1289.0
2019-03-12,1288.0,1295.0,1285.0,1292.0
2019-03-13,1292.0,1295.0,1278.0,1281.0
2019-03-14,1280.0,1290.0,1277.0,1288.0
2019-03-15,1287.0,1297.0,1280.0,1292.0
2019-03-18,1290.0,1301.0,1279.0,1281.0
2019-03-19,1282.0,1287.0,1265.0,1266.0
2019-03-20,1269.0,1281.0,1268.0,1280.0
2019-03-21,1279.0,1288.0,1277.0,1285.0
2019-03-22,1282.0,1295.0,1282.0,1291.0
2019-03-25,1290.0,1293.0,1283.0,1286.0
2019-03-26,1285.0,1287.0,1278.0,1280.0
2019-03-27,1282.0,1297.0,1282.0,1293.0
2019-03-28,1291.0,1298.0,1289.0,1292.0
2019-03-29,1290.0,1300.0,1286.0,1297.0
2019-04-01,1300.0,1304.0,1288.0,1294.0
2019-04-02,1294.0,1297.0,1290.0,1292.0
2019-04-03,1290.0,1293.0,1277.0,1281.0
2019-04-04,1284.0,1300.0,1283.0,1292.0
2019-04-08,1289.0,1298.0,1285.0,1295.0
2019-04-09,1296.0,1298.0,1280.0,1282.0
2019-04-10,1284.0,1299.0,1283.0,1297.0
2019-04-11,1301.0,1322.0,1290.0,1317.0
2019-04-12,1340.0,1347.0,1328.0,1332.0
2019-04-15,1336.0,1337.0,1328.0,1330.0
2019-04-16,1333.0,1344.0,1326.0,1341.0
2019-04-17,1338.0,1341.0,1334.0,1335.0
2019-04-18,1336.0,1337.0,1320.0,1320.0
2019-04-19,1322.0,1343.0,1315.0,1342.0
2019-04-24,1357.0,1362.0,1351.0,1356.0
2019-04-25,1358.0,1363.0,1352.0,1356.0
2019-04-26,1354.0,1369.0,1344.0,1360.0
2019-04-29,1360.0,1364.0,1350.0,1352.0
2019-04-30,1354.0,1361.0,1348.0,1354.0
2019-05-06,1350.0,1370.0,1337.0,1340.0
2019-05-07,1341.0,1344.0,1333.0,1334.0
2019-05-08,1334.0,1342.0,1330.0,1338.0
2019-05-09,1337.0,1359.0,1335.0,1354.0
2019-05-10,1355.0,1361.0,1351.0,1360.0
2019-05-13,1361.0,1374.0,1355.0,1372.0
2019-05-14,1375.0,1375.0,1361.0,1362.0
2019-05-15,1365.0,1395.0,1361.0,1393.0
2019-05-16,1392.0,1404.0,1387.0,1395.0
2019-05-17,1396.0,1414.0,1392.0,1406.0
2019-05-20,1405.0,1408.0,1395.0,1400.0
2019-05-21,1401.0,1417.0,1396.0,1407.0
2019-05-22,1405.0,1427.0,1394.0,1421.0
2019-05-23,1420.0,1424.0,1395.0,1396.0
2019-05-24,1396.0,1404.0,1387.0,1398.0
2019-05-27,1396.0,1426.0,1396.0,1403.0
2019-05-28,1403.0,1404.0,1382.0,1388.0
2019-05-29,1390.0,1392.0,1381.0,1384.0
2019-05-30,1381.0,1408.0,1376.0,1383.0
2019-05-31,1381.0,1387.0,1373.0,1377.0
2019-06-03,1377.0,1386.0,1364.0,1377.0
2019-06-04,1377.0,1378.0,1358.0,1369.0
2019-06-05,1370.0,1382.0,1369.0,1374.0
2019-06-06,1374.0,1397.0,1366.0,1396.0
2019-06-10,1398.0,1418.0,1398.0,1404.0
2019-06-11,1410.0,1463.0,1410.0,1463.0
2019-06-12,1477.0,1486.0,1444.0,1448.0
2019-06-13,1448.0,1469.0,1448.0,1463.0
2019-06-14,1464.0,1471.0,1455.0,1463.0
2019-06-17,1466.0,1473.0,1453.0,1458.0
2019-06-18,1458.0,1472.0,1454.0,1466.0
2019-06-19,1468.0,1482.0,1461.0,1476.0
2019-06-20,1478.0,1497.0,1472.0,1487.0
2019-06-21,1487.0,1491.0,1480.0,1485.0
2019-06-24,1485.0,1495.0,1481.0,1489.0
2019-06-25,1486.0,1491.0,1484.0,1486.0
2019-06-26,1488.0,1517.0,1483.0,1508.0
2019-06-27,1502.0,1507.0,1493.0,1495.0
2019-06-28,1496.0,1510.0,1487.0,1492.0
2019-07-01,1496.0,1509.0,1487.0,1506.0
2019-07-02,1504.0,1520.0,1502.0,1508.0
2019-07-03,1505.0,1514.0,1480.0,1485.0
2019-07-04,1488.0,1493.0,1479.0,1488.0
2019-07-05,1489.0,1496.0,1474.0,1483.0
2019-07-08,1481.0,1490.0,1480.0,1489.0
2019-07-09,1489.0,1511.0,1489.0,1503.0
2019-07-10,1500.0,1501.0,1465.0,1484.0
2019-07-11,1487.0,1492.0,1483.0,1484.0
2019-07-12,1486.0,1486.0,1477.0,1485.0
2019-07-15,1486.0,1498.0,1474.0,1494.0
2019-07-16,1489.0,1506.0,1487.0,1497.0
2019-07-18,1503.0,1506.0,1486.0,1488.0
2019-07-19,1486.0,1501.0,1483.0,1499.0
2019-07-22,1496.0,1498.0,1475.0,1478.0
2019-07-23,1475.0,1484.0,1471.0,1483.0
2019-07-24,1481.0,1491.0,1472.0,1488.0
2019-07-25,1491.0,1501.0,1483.0,1494.0
2019-07-26,1495.0,1505.0,1490.0,1498.0
2019-07-29,1499.0,1499.0,1473.0,1477.0
2019-07-30,1478.0,1484.0,1471.0,1474.0
2019-07-31,1473.0,1486.0,1469.0,1474.0
2019-08-01,1475.0,1481.0,1470.0,1476.0
2019-08-02,1476.0,1477.0,1463.0,1468.0
2019-08-05,1470.0,1495.0,1467.0,1484.0
2019-08-06,1487.0,1493.0,1483.0,1492.0
2019-08-07,1489.0,1491.0,1466.0,1477.0
2019-08-08,1480.0,1488.0,1474.0,1483.0
2019-08-09,1380.0,1389.0,1368.0,1384.0
2019-08-12,1385.0,1418.0,1379.0,1412.0
2019-08-13,1410.0,1412.0,1394.0,1400.0
2019-08-14,1401.0,1418.0,1398.0,1416.0
2019-08-15,1419.0,1430.0,1410.0,1426.0
2019-08-16,1423.0,1439.0,1423.0,1426.0
2019-08-19,1427.0,1437.0,1424.0,1430.0
2019-08-20,1432.0,1438.0,1427.0,1432.0
2019-08-21,1433.0,1434.0,1415.0,1424.0
2019-08-22,1426.0,1427.0,1416.0,1420.0
2019-08-23,1419.0,1422.0,1396.0,1405.0
2019-08-26,1402.0,1410.0,1382.0,1388.0
2019-08-27,1390.0,1399.0,1383.0,1386.0
2019-08-28,1388.0,1395.0,1372.0,1391.0
2019-08-29,1390.0,1395.0,1378.0,1379.0
2019-08-30,1379.0,1394.0,1374.0,1376.0
2019-09-02,1376.0,1394.0,1373.0,1394.0
2019-09-03,1393.0,1398.0,1386.0,1387.0
2019-09-04,1386.0,1415.0,1381.0,1414.0
2019-09-05,1414.0,1420.0,1408.0,1408.0
2019-09-06,1408.0,1418.0,1406.0,1409.0
2019-09-09,1409.0,1429.0,1406.0,1420.0
2019-09-10,1429.0,1429.0,1418.0,1425.0
2019-09-11,1427.0,1433.0,1420.0,1424.0
2019-09-12,1425.0,1481.0,1425.0,1452.0
2019-09-16,1462.0,1471.0,1453.0,1465.0
2019-09-17,1465.0,1466.0,1444.0,1453.0
2019-09-18,1453.0,1465.0,1448.0,1454.0
2019-09-19,1458.0,1459.0,1438.0,1440.0
2019-09-20,1444.0,1450.0,1431.0,1434.0
2019-09-23,1436.0,1439.0,1422.0,1436.0
2019-09-24,1437.0,1439.0,1391.0,1399.0
2019-09-25,1404.0,1413.0,1399.0,1410.0
2019-09-26,1409.0,1435.0,1403.0,1430.0
2019-09-27,1436.0,1454.0,1432.0,1445.0
2019-09-30,1441.0,1461.0,1436.0,1459.0
2019-10-08,1457.0,1458.0,1440.0,1453.0
2019-10-09,1453.0,1454.0,1438.0,1445.0
2019-10-10,1447.0,1469.0,1434.0,1446.0
2019-10-11,1450.0,1460.0,1445.0,1459.0
2019-10-14,1460.0,1465.0,1449.0,1454.0
2019-10-15,1453.0,1461.0,1446.0,1459.0
2019-10-16,1459.0,1467.0,1445.0,1453.0
2019-10-17,1454.0,1459.0,1437.0,1438.0
2019-10-18,1435.0,1497.0,1432.0,1492.0
2019-10-21,1496.0,1518.0,1487.0,1514.0
2019-10-22,1518.0,1519.0,1493.0,1502.0
2019-10-23,1504.0,1523.0,1497.0,1511.0
2019-10-24,1514.0,1519.0,1505.0,1513.0
2019-10-25,1518.0,1519.0,1489.0,1505.0
2019-10-28,1503.0,1505.0,1491.0,1493.0
2019-10-29,1491.0,1502.0,1478.0,1489.0
2019-10-30,1490.0,1495.0,1481.0,1482.0
2019-10-31,1482.0,1493.0,1475.0,1485.0
2019-11-01,1486.0,1501.0,1476.0,1496.0
2019-11-04,1496.0,1500.0,1484.0,1487.0
2019-11-05,1487.0,1495.0,1486.0,1494.0
2019-11-06,1493.0,1503.0,1484.0,1486.0
2019-11-07,1489.0,1494.0,1482.0,1491.0
2019-11-08,1493.0,1500.0,1490.0,1499.0
2019-11-11,1500.0,1506.0,1475.0,1480.0
2019-11-12,1479.0,1484.0,1471.0,1475.0
2019-11-13,1478.0,1495.0,1457.0,1480.0
2019-11-14,1479.0,1494.0,1476.0,1494.0
2019-11-15,1495.0,1499.0,1490.0,1491.0
2019-11-18,1490.0,1493.0,1475.0,1484.0
2019-11-19,1484.0,1492.0,1479.0,1482.0
2019-11-20,1484.0,1488.0,1478.0,1482.0
2019-11-21,1481.0,1483.0,1445.0,1445.0
2019-11-22,1443.0,1455.0,1441.0,1450.0
2019-11-25,1451.0,1461.0,1444.0,1455.0
2019-11-26,1455.0,1456.0,1449.0,1453.0
2019-11-27,1454.0,1472.0,1443.0,1467.0
2019-11-28,1468.0,1471.0,1463.0,1469.0
2019-11-29,1467.0,1476.0,1464.0,1473.0
2019-12-02,1470.0,1471.0,1464.0,1470.0
2019-12-03,1466.0,1472.0,1464.0,1469.0
2019-12-04,1468.0,1478.0,1465.0,1476.0
2019-12-05,1475.0,1478.0,1457.0,1459.0
2019-12-06,1460.0,1470.0,1458.0,1465.0
2019-12-09,1462.0,1490.0,1462.0,1472.0
2019-12-10,1451.0,1469.0,1445.0,1461.0
2019-12-11,1461.0,1465.0,1454.0,1462.0
2019-12-12,1460.0,1461.0,1446.0,1455.0
2019-12-13,1457.0,1465.0,1452.0,1462.0
2019-12-16,1463.0,1464.0,1453.0,1460.0
2019-12-17,1462.0,1463.0,1452.0,1455.0
2019-12-18,1455.0,1484.0,1452.0,1476.0
2019-12-19,1476.0,1477.0,1469.0,1472.0
2019-12-20,1471.0,1474.0,1464.0,1469.0
2019-12-23,1469.0,1473.0,1461.0,1465.0
2019-12-24,1465.0,1479.0,1464.0,1475.0
2019-12-25,1478.0,1478.0,1466.0,1467.0
2019-12-26,1467.0,1476.0,1467.0,1473.0
2019-12-27,1470.0,1490.0,1470.0,1483.0
2019-12-30,1481.0,1489.0,1481.0,1484.0
2019-12-31,1484.0,1495.0,1473.0,1479.0
2020-01-02,1480.0,1495.0,1477.0,1488.0
2020-01-03,1489.0,1508.0,1487.0,1506.0
2020-01-06,1508.0,1514.0,1501.0,1507.0
2020-01-07,1509.0,1511.0,1505.0,1507.0
2020-01-08,1506.0,1515.0,1506.0,1508.0
2020-01-09,1508.0,1510.0,1502.0,1503.0
2020-01-10,1503.0,1512.0,1503.0,1507.0
2020-01-13,1502.0,1505.0,1490.0,1490.0
2020-01-14,1493.0,1497.0,1491.0,1493.0
2020-01-15,1499.0,1527.0,1499.0,1504.0
2020-01-16,1504.0,1512.0,1498.0,1507.0
2020-01-17,1504.0,1508.0,1503.0,1506.0
2020-01-20,1506.0,1509.0,1494.0,1505.0
2020-01-21,1505.0,1505.0,1493.0,1495.0
2020-01-22,1495.0,1504.0,1485.0,1501.0
2020-01-23,1499.0,1499.0,1475.0,1476.0
2020-02-03,1385.0,1425.0,1381.0,1381.0
2020-02-04,1382.0,1402.0,1376.0,1384.0
2020-02-05,1383.0,1398.0,1371.0,1389.0
2020-02-06,1390.0,1440.0,1385.0,1422.0
2020-02-07,1421.0,1421.0,1409.0,1416.0
2020-02-10,1412.0,1422.0,1409.0,1418.0
2020-02-11,1419.0,1436.0,1416.0,1424.0
2020-02-12,1424.0,1429.0,1417.0,1426.0
2020-02-13,1424.0,1428.0,1397.0,1403.0
2020-02-14,1401.0,1407.0,1399.0,1405.0
2020-02-17,1405.0,1412.0,1391.0,1408.0
2020-02-18,1408.0,1409.0,1398.0,1400.0
2020-02-19,1402.0,1412.0,1399.0,1406.0
2020-02-20,1406.0,1429.0,1404.0,1428.0
2020-02-21,1428.0,1437.0,1421.0,1429.0
2020-02-24,1426.0,1437.0,1416.0,1436.0
2020-02-25,1426.0,1446.0,1422.0,1429.0
2020-02-26,1423.0,1431.0,1419.0,1425.0
2020-02-27,1425.0,1426.0,1412.0,1412.0
2020-02-28,1400.0,1409.0,1383.0,1389.0
2020-03-02,1391.0,1428.0,1382.0,1412.0
2020-03-03,1415.0,1425.0,1392.0,1394.0
2020-03-04,1395.0,1402.0,1388.0,1392.0
2020-03-05,1393.0,1402.0,1390.0,1394.0
2020-03-06,1391.0,1397.0,1380.0,1387.0
2020-03-09,1362.0,1380.0,1350.0,1372.0
2020-03-10,1372.0,1390.0,1368.0,1384.0
2020-03-11,1386.0,1392.0,1379.0,1383.0
2020-03-12,1383.0,1391.0,1372.0,1384.0
2020-03-13,1378.0,1387.0,1352.0,1361.0
2020-03-16,1355.0,1366.0,1341.0,1343.0
2020-03-17,1341.0,1355.0,1337.0,1348.0
2020-03-18,1340.0,1357.0,1335.0,1335.0
2020-03-19,1341.0,1342.0,1291.0,1324.0
2020-03-20,1331.0,1340.0,1319.0,1328.0
2020-03-23,1319.0,1319.0,1284.0,1287.0
2020-03-24,1292.0,1304.0,1280.0,1300.0
2020-03-25,1315.0,1317.0,1289.0,1300.0
2020-03-26,1300.0,1301.0,1275.0,1279.0
2020-03-27,1282.0,1287.0,1273.0,1278.0
2020-03-30,1273.0,1293.0,1264.0,1285.0
2020-03-31,1289.0,1298.0,1282.0,1291.0
2020-04-01,1281.0,1288.0,1264.0,1269.0
2020-04-02,1273.0,1284.0,1237.0,1280.0
2020-04-03,1280.0,1281.0,1219.0,1222.0
2020-04-07,1230.0,1249.0,1218.0,1241.0
2020-04-08,1230.0,1249.0,1224.0,1244.0
2020-04-09,1246.0,1254.0,1237.0,1244.0
2020-04-10,1239.0,1260.0,1231.0,1256.0
2020-04-13,1244.0,1253.0,1199.0,1199.0
2020-04-14,1192.0,1226.0,1177.0,1219.0
2020-04-15,1208.0,1255.0,1207.0,1249.0
2020-04-16,1246.0,1250.0,1217.0,1230.0
2020-04-17,1230.0,1279.0,1228.0,1271.0
2020-04-20,1260.0,1277.0,1247.0,1256.0
2020-04-21,1251.0,1254.0,1223.0,1236.0
2020-04-22,1230.0,1247.0,1219.0,1240.0
2020-04-23,1244.0,1260.0,1226.0,1228.0
2020-04-24,1233.0,1253.0,1231.0,1248.0
2020-04-27,1254.0,1272.0,1253.0,1261.0
2020-04-28,1254.0,1257.0,1239.0,1244.0
2020-04-29,1254.0,1273.0,1241.0,1261.0
2020-04-30,1262.0,1277.0,1258.0,1269.0
2020-05-06,1277.0,1302.0,1270.0,1297.0
2020-05-07,1293.0,1312.0,1290.0,1310.0
2020-05-08,1315.0,1325.0,1305.0,1318.0
2020-05-11,1312.0,1347.0,1310.0,1340.0
2020-05-12,1342.0,1347.0,1332.0,1345.0
2020-05-13,1345.0,1382.0,1341.0,1368.0
2020-05-14,1366.0,1376.0,1352.0,1361.0
2020-05-15,1361.0,1368.0,1337.0,1343.0
2020-05-18,1348.0,1374.0,1344.0,1369.0
2020-05-19,1370.0,1396.0,1370.0,1377.0
2020-05-20,1381.0,1387.0,1370.0,1379.0
2020-05-21,1379.0,1391.0,1372.0,1388.0
2020-05-22,1388.0,1393.0,1361.0,1364.0
2020-05-25,1367.0,1430.0,1365.0,1429.0
2020-05-26,1428.0,1441.0,1423.0,1431.0
2020-05-27,1432.0,1432.0,1416.0,1422.0
2020-05-28,1420.0,1431.0,1414.0,1428.0
2020-05-29,1428.0,1436.0,1412.0,1429.0
2020-06-01,1429.0,1447.0,1426.0,1437.0
2020-06-02,1434.0,1454.0,1426.0,1447.0
2020-06-03,1447.0,1450.0,1433.0,1438.0
2020-06-04,1438.0,1444.0,1427.0,1428.0
2020-06-05,1430.0,1441.0,1420.0,1437.0
2020-06-08,1440.0,1445.0,1425.0,1437.0
2020-06-09,1437.0,1441.0,1411.0,1420.0
2020-06-10,1420.0,1432.0,1416.0,1424.0
2020-06-11,1421.0,1451.0,1418.0,1445.0
2020-06-12,1440.0,1464.0,1436.0,1454.0
2020-06-15,1453.0,1465.0,1445.0,1452.0
2020-06-16,1454.0,1459.0,1448.0,1453.0
2020-06-17,1452.0,1452.0,1435.0,1447.0
2020-06-18,1451.0,1456.0,1443.0,1446.0
2020-06-19,1442.0,1457.0,1442.0,1451.0
2020-06-22,1455.0,1463.0,1449.0,1455.0
2020-06-23,1451.0,1457.0,1448.0,1454.0
2020-06-24,1458.0,1485.0,1452.0,1484.0
2020-06-29,1476.0,1481.0,1469.0,1473.0
2020-06-30,1478.0,1486.0,1470.0,1477.0
2020-07-01,1474.0,1492.0,1473.0,1490.0
2020-07-02,1488.0,1502.0,1484.0,1497.0
2020-07-03,1502.0,1502.0,1487.0,1490.0
2020-07-06,1486.0,1507.0,1486.0,1503.0
2020-07-07,1508.0,1531.0,1500.0,1527.0
2020-07-08,1523.0,1537.0,1520.0,1530.0
2020-07-09,1534.0,1548.0,1527.0,1543.0
2020-07-10,1539.0,1548.0,1534.0,1542.0
2020-07-13,1542.0,1603.0,1541.0,1591.0
2020-07-14,1593.0,1619.0,1586.0,1599.0
2020-07-15,1600.0,1612.0,1591.0,1605.0
2020-07-16,1602.0,1608.0,1593.0,1597.0
2020-07-17,1602.0,1658.0,1599.0,1646.0
2020-07-20,1640.0,1647.0,1627.0,1637.0
2020-07-21,1643.0,1695.0,1640.0,1689.0
2020-07-22,1689.0,1745.0,1683.0,1696.0
2020-07-23,1702.0,1735.0,1655.0,1679.0
2020-07-24,1685.0,1685.0,1647.0,1663.0
2020-07-27,1659.0,1705.0,1659.0,1668.0
2020-07-28,1663.0,1689.0,1662.0,1686.0
2020-07-29,1686.0,1712.0,1656.0,1672.0
2020-07-30,1678.0,1691.0,1673.0,1686.0
2020-07-31,1680.0,1699.0,1666.0,1692.0
2020-08-03,1700.0,1753.0,1692.0,1753.0
2020-08-04,1759.0,1819.0,1756.0,1815.0
2020-08-05,1815.0,1825.0,1788.0,1818.0
2020-08-06,1814.0,1875.0,1804.0,1858.0
2020-08-07,1856.0,1905.0,1847.0,1905.0
2020-08-10,1900.0,1906.0,1839.0,1862.0
2020-08-11,1869.0,1968.0,1862.0,1950.0
2020-08-12,1860.0,1877.0,1780.0,1841.0
2020-08-13,1849.0,1874.0,1813.0,1849.0
2020-08-14,1854.0,1858.0,1830.0,1834.0
2020-08-17,1826.0,1856.0,1810.0,1851.0
2020-08-18,1846.0,1884.0,1844.0,1858.0
2020-08-19,1859.0,1863.0,1837.0,1843.0
2020-08-20,1844.0,1848.0,1813.0,1833.0
2020-08-21,1840.0,1843.0,1740.0,1740.0
2020-08-24,1730.0,1773.0,1715.0,1769.0
2020-08-25,1770.0,1770.0,1702.0,1708.0
2020-08-26,1713.0,1727.0,1689.0,1718.0
2020-08-27,1725.0,1766.0,1709.0,1749.0
2020-08-28,1746.0,1827.0,1742.0,1827.0
2020-08-31,1825.0,1871.0,1819.0,1857.0
2020-09-01,1860.0,1864.0,1815.0,1820.0
2020-09-02,1819.0,1847.0,1810.0,1832.0
2020-09-03,1829.0,1863.0,1790.0,1794.0
2020-09-04,1792.0,1800.0,1739.0,1748.0
2020-09-07,1752.0,1782.0,1731.0,1758.0
2020-09-08,1760.0,1768.0,1740.0,1747.0
2020-09-09,1730.0,1778.0,1711.0,1753.0
2020-09-10,1763.0,1772.0,1708.0,1717.0
2020-09-11,1717.0,1735.0,1698.0,1729.0
2020-09-14,1728.0,1734.0,1676.0,1680.0
2020-09-15,1681.0,1697.0,1626.0,1646.0
2020-09-16,1648.0,1666.0,1632.0,1653.0
2020-09-17,1654.0,1662.0,1628.0,1642.0
2020-09-18,1645.0,1687.0,1634.0,1668.0
2020-09-21,1663.0,1672.0,1610.0,1629.0
2020-09-22,1627.0,1664.0,1603.0,1653.0
2020-09-23,1657.0,1682.0,1626.0,1670.0
2020-09-24,1670.0,1685.0,1647.0,1672.0
2020-09-25,1671.0,1675.0,1642.0,1670.0
2020-09-28,1666.0,1704.0,1664.0,1675.0
2020-09-29,1678.0,1702.0,1674.0,1699.0
2020-09-30,1701.0,1745.0,1689.0,1742.0
2020-10-09,1753.0,1763.0,1731.0,1750.0
2020-10-12,1751.0,1794.0,1738.0,1785.0
2020-10-13,1790.0,1790.0,1743.0,1752.0
2020-10-14,1755.0,1760.0,1725.0,1736.0
2020-10-15,1740.0,1747.0,1713.0,1716.0
2020-10-16,1710.0,1732.0,1702.0,1726.0
2020-10-19,1731.0,1743.0,1699.0,1710.0
2020-10-20,1714.0,1719.0,1679.0,1716.0
2020-10-21,1715.0,1718.0,1685.0,1691.0
2020-10-22,1695.0,1724.0,1685.0,1714.0
2020-10-23,1714.0,1728.0,1698.0,1707.0
2020-10-26,1710.0,1722.0,1691.0,1717.0
2020-10-27,1719.0,1755.0,1718.0,1754.0
2020-10-28,1754.0,1760.0,1726.0,1730.0
2020-10-29,1722.0,1734.0,1706.0,1708.0
2020-10-30,1701.0,1749.0,1694.0,1743.0
2020-11-02,1745.0,1768.0,1732.0,1740.0
2020-11-03,1741.0,1760.0,1725.0,1725.0
2020-11-04,1732.0,1750.0,1726.0,1729.0
2020-11-05,1734.0,1736.0,1713.0,1730.0
2020-11-06,1733.0,1790.0,1731.0,1754.0
2020-11-09,1750.0,1769.0,1747.0,1762.0
2020-11-10,1773.0,1784.0,1753.0,1772.0
2020-11-11,1774.0,1812.0,1765.0,1808.0
2020-11-12,1808.0,1825.0,1794.0,1824.0
2020-11-13,1824.0,1838.0,1815.0,1835.0
2020-11-16,1835.0,1862.0,1826.0,1852.0
2020-11-17,1856.0,1860.0,1833.0,1857.0
2020-11-18,1853.0,1856.0,1813.0,1830.0
2020-11-19,1835.0,1884.0,1828.0,1870.0
2020-11-20,1873.0,1894.0,1863.0,1880.0
2020-11-23,1878.0,1898.0,1845.0,1847.0
2020-11-24,1847.0,1853.0,1827.0,1846.0
2020-11-25,1848.0,1860.0,1823.0,1835.0
2020-11-26,1835.0,1848.0,1818.0,1842.0
2020-11-27,1842.0,1868.0,1835.0,1847.0
2020-11-30,1845.0,1862.0,1828.0,1837.0
2020-12-01,1843.0,1843.0,1822.0,1827.0
2020-12-02,1827.0,1875.0,1827.0,1870.0
2020-12-03,1870.0,1885.0,1858.0,1869.0
2020-12-04,1865.0,1888.0,1839.0,1882.0
2020-12-07,1888.0,1955.0,1881.0,1945.0
2020-12-08,1940.0,1977.0,1936.0,1975.0
2020-12-09,1975.0,2037.0,1967.0,1998.0
2020-12-10,1992.0,2021.0,1978.0,1991.0
2020-12-11,1987.0,2023.0,1976.0,1988.0
2020-12-14,1916.0,1976.0,1882.0,1886.0
2020-12-15,1893.0,1918.0,1870.0,1911.0
2020-12-16,1916.0,1944.0,1884.0,1907.0
2020-12-17,1913.0,1920.0,1884.0,1914.0
2020-12-18,1916.0,1968.0,1915.0,1951.0
2020-12-21,1950.0,1998.0,1925.0,1982.0
2020-12-22,1977.0,1985.0,1932.0,1932.0
2020-12-23,1937.0,1953.0,1896.0,1940.0
2020-12-24,1945.0,1958.0,1902.0,1905.0
2020-12-25,1905.0,1920.0,1884.0,1914.0
2020-12-28,1919.0,1924.0,1839.0,1851.0
2020-12-29,1853.0,1869.0,1831.0,1857.0
2020-12-30,1863.0,1863.0,1842.0,1852.0
2020-12-31,1849.0,1864.0,1824.0,1859.0
2021-01-04,1850.0,1878.0,1826.0,1868.0
2021-01-05,1862.0,1881.0,1832.0,1835.0
2021-01-06,1838.0,1840.0,1795.0,1803.0
2021-01-07,1800.0,1807.0,1779.0,1788.0
2021-01-08,1788.0,1816.0,1768.0,1782.0
2021-01-11,1770.0,1797.0,1737.0,1793.0
2021-01-12,1789.0,1793.0,1752.0,1777.0
2021-01-13,1780.0,1781.0,1735.0,1738.0
2021-01-14,1734.0,1739.0,1691.0,1693.0
2021-01-15,1695.0,1714.0,1683.0,1699.0
2021-01-18,1699.0,1744.0,1685.0,1734.0
2021-01-19,1738.0,1742.0,1715.0,1730.0
2021-01-20,1730.0,1743.0,1720.0,1733.0
2021-01-21,1739.0,1765.0,1722.0,1756.0
2021-01-22,1756.0,1787.0,1752.0,1777.0
2021-01-25,1772.0,1805.0,1746.0,1805.0
2021-01-26,1802.0,1808.0,1754.0,1759.0
2021-01-27,1759.0,1779.0,1755.0,1774.0
2021-01-28,1775.0,1794.0,1767.0,1790.0
2021-01-29,1790.0,1795.0,1773.0,1785.0
2021-02-01,1782.0,1833.0,1778.0,1804.0
2021-02-02,1804.0,1819.0,1765.0,1768.0
2021-02-03,1768.0,1780.0,1755.0,1770.0
2021-02-04,1775.0,1820.0,1763.0,1817.0
2021-02-05,1817.0,1841.0,1808.0,1835.0
2021-02-08,1838.0,1850.0,1822.0,1841.0
2021-02-09,1839.0,1868.0,1834.0,1866.0
2021-02-10,1861.0,1872.0,1840.0,1870.0
2021-02-18,1885.0,1931.0,1885.0,1921.0
2021-02-19,1923.0,1924.0,1889.0,1911.0
2021-02-22,1909.0,1977.0,1905.0,1959.0
2021-02-23,1955.0,1993.0,1952.0,1969.0
2021-02-24,1969.0,1992.0,1953.0,1988.0
2021-02-25,1995.0,2070.0,1977.0,2059.0
2021-02-26,2062.0,2078.0,2024.0,2044.0
2021-03-01,2042.0,2118.0,2032.0,2071.0
2021-03-02,2071.0,2098.0,2046.0,2090.0
2021-03-03,2100.0,2150.0,2080.0,2088.0
2021-03-04,2094.0,2107.0,2060.0,2077.0
2021-03-05,2079.0,2130.0,2047.0,2107.0
2021-03-08,2120.0,2159.0,2065.0,2071.0
2021-03-09,2071.0,2078.0,2004.0,2013.0
2021-03-10,2028.0,2044.0,1999.0,2041.0
2021-03-11,2041.0,2045.0,1921.0,1986.0
2021-03-12,1982.0,1995.0,1953.0,1972.0
2021-03-15,1970.0,2025.0,1938.0,2021.0
2021-03-16,2016.0,2043.0,1979.0,2001.0
2021-03-17,1991.0,2074.0,1977.0,2067.0
2021-03-18,2067.0,2095.0,2059.0,2078.0
2021-03-19,2084.0,2094.0,2040.0,2055.0
2021-03-22,2051.0,2118.0,2051.0,2090.0
2021-03-23,2091.0,2103.0,2068.0,2082.0
2021-03-24,2070.0,2082.0,2008.0,2049.0
2021-03-25,2049.0,2064.0,2028.0,2051.0
2021-03-26,2044.0,2135.0,2032.0,2133.0
2021-03-29,2132.0,2144.0,2104.0,2125.0
2021-03-30,2125.0,2152.0,2109.0,2135.0
2021-03-31,2135.0,2146.0,2110.0,2112.0
2021-04-01,2100.0,2144.0,2094.0,2116.0
2021-04-02,2117.0,2123.0,2082.0,2117.0
2021-04-06,2130.0,2182.0,2096.0,2159.0
2021-04-07,2160.0,2164.0,2109.0,2123.0
2021-04-08,2141.0,2174.0,2134.0,2157.0
2021-04-09,2159.0,2162.0,2084.0,2088.0
2021-04-12,2096.0,2144.0,2086.0,2139.0
2021-04-13,2148.0,2179.0,2133.0,2164.0
2021-04-14,2158.0,2174.0,2147.0,2166.0
2021-04-15,2176.0,2213.0,2162.0,2211.0
2021-04-16,2208.0,2233.0,2197.0,2229.0
2021-04-19,2229.0,2247.0,2200.0,2230.0
2021-04-20,2234.0,2264.0,2224.0,2263.0
2021-04-21,2265.0,2265.0,2222.0,2248.0
2021-04-22,2249.0,2285.0,2227.0,2236.0
2021-04-23,2238.0,2273.0,2236.0,2264.0
2021-04-26,2261.0,2292.0,2236.0,2277.0
2021-04-27,2278.0,2322.0,2265.0,2316.0
2021-04-28,2314.0,2335.0,2298.0,2331.0
2021-04-29,2335.0,2386.0,2329.0,2379.0
2021-04-30,2379.0,2424.0,2360.0,2423.0
2021-05-06,2450.0,2539.0,2439.0,2526.0
2021-05-07,2519.0,2563.0,2505.0,2549.0
2021-05-10,2543.0,2683.0,2527.0,2683.0
2021-05-11,2708.0,2837.0,2630.0,2781.0
2021-05-12,2768.0,2896.0,2756.0,2892.0
2021-05-13,2860.0,2945.0,2762.0,2846.0
2021-05-14,2844.0,2877.0,2686.0,2750.0
2021-05-17,2764.0,2857.0,2693.0,2746.0
2021-05-18,2746.0,2811.0,2728.0,2803.0
2021-05-19,2807.0,2819.0,2631.0,2665.0
2021-05-20,2615.0,2647.0,2502.0,2636.0
2021-05-21,2646.0,2646.0,2553.0,2558.0
2021-05-24,2563.0,2618.0,2458.0,2587.0
2021-05-25,2597.0,2656.0,2588.0,2618.0
2021-05-26,2600.0,2635.0,2559.0,2576.0
2021-05-27,2555.0,2575.0,2470.0,2548.0
2021-05-28,2550.0,2646.0,2532.0,2630.0
2021-05-31,2618.0,2726.0,2600.0,2688.0
2021-06-01,2688.0,2716.0,2651.0,2690.0
2021-06-02,2690.0,2750.0,2639.0,2654.0
2021-06-03,2652.0,2722.0,2646.0,2674.0
2021-06-04,2650.0,2706.0,2609.0,2683.0
2021-06-07,2700.0,2740.0,2626.0,2629.0
2021-06-08,2629.0,2645.0,2564.0,2634.0
2021-06-09,2643.0,2665.0,2604.0,2636.0
2021-06-10,2636.0,2686.0,2602.0,2644.0
2021-06-11,2645.0,2721.0,2645.0,2719.0
2021-06-15,2709.0,2709.0,2622.0,2646.0
2021-06-16,2636.0,2660.0,2588.0,2594.0
2021-06-17,2590.0,2659.0,2583.0,2651.0
2021-06-18,2645.0,2666.0,2597.0,2624.0
2021-06-21,2622.0,2675.0,2619.0,2622.0
2021-06-22,2620.0,2693.0,2605.0,2685.0
2021-06-23,2694.0,2719.0,2672.0,2686.0
2021-06-24,2690.0,2792.0,2682.0,2779.0
2021-06-25,2779.0,2844.0,2770.0,2842.0
2021-06-28,2842.0,2848.0,2787.0,2807.0
2021-06-29,2816.0,2832.0,2786.0,2809.0
2021-06-30,2817.0,2836.0,2789.0,2815.0
2021-07-01,2808.0,2865.0,2765.0,2782.0
2021-07-02,2791.0,2837.0,2771.0,2835.0
2021-07-05,2836.0,2839.0,2784.0,2813.0
2021-07-06,2813.0,2878.0,2812.0,2862.0
2021-07-07,2857.0,2885.0,2826.0,2862.0
2021-07-08,2864.0,2917.0,2857.0,2902.0
2021-07-09,2893.0,2901.0,2851.0,2893.0
2021-07-12,2911.0,2968.0,2886.0,2943.0
2021-07-13,2938.0,3006.0,2936.0,3004.0
2021-07-14,2993.0,3074.0,2993.0,3071.0
2021-07-15,3060.0,3065.0,2973.0,3013.0
2021-07-16,3011.0,3079.0,3009.0,3072.0
2021-07-19,3080.0,3163.0,3038.0,3039.0
2021-07-20,3028.0,3047.0,2981.0,3024.0
2021-07-21,3024.0,3072.0,3004.0,3006.0
2021-07-22,3013.0,3077.0,2994.0,3057.0
2021-07-23,3003.0,3079.0,3003.0,3017.0
2021-07-26,3000.0,3009.0,2867.0,2911.0
2021-07-27,2915.0,2941.0,2783.0,2797.0
2021-07-28,2813.0,2860.0,2803.0,2848.0
2021-07-29,2845.0,2907.0,2841.0,2885.0
2021-07-30,2884.0,2905.0,2839.0,2894.0
2021-08-02,2876.0,2885.0,2793.0,2814.0
2021-08-03,2803.0,2809.0,2723.0,2725.0
2021-08-04,2721.0,2797.0,2713.0,2781.0
2021-08-05,2764.0,2787.0,2674.0,2681.0
2021-08-06,2682.0,2729.0,2665.0,2714.0
2021-08-09,2707.0,2786.0,2705.0,2764.0
2021-08-10,2751.0,2872.0,2747.0,2868.0
2021-08-11,2859.0,2890.0,2838.0,2862.0
2021-08-12,2857.0,2875.0,2721.0,2722.0
2021-08-13,2714.0,2758.0,2694.0,2724.0
2021-08-16,2732.0,2798.0,2718.0,2747.0
2021-08-17,2750.0,2780.0,2719.0,2761.0
2021-08-18,2755.0,2791.0,2703.0,2735.0
2021-08-19,2721.0,2740.0,2621.0,2674.0
2021-08-20,2662.0,2685.0,2627.0,2672.0
2021-08-23,2660.0,2777.0,2660.0,2772.0
2021-08-24,2780.0,2798.0,2731.0,2741.0
2021-08-25,2736.0,2758.0,2680.0,2715.0
2021-08-26,2732.0,2746.0,2610.0,2611.0
2021-08-27,2624.0,2657.0,2603.0,2640.0
2021-08-30,2640.0,2719.0,2640.0,2676.0
2021-08-31,2677.0,2678.0,2581.0,2601.0
2021-09-01,2600.0,2624.0,2566.0,2615.0
2021-09-02,2607.0,2653.0,2575.0,2619.0
2021-09-03,2615.0,2769.0,2614.0,2749.0
2021-09-06,2756.0,2774.0,2681.0,2691.0
2021-09-07,2690.0,2735.0,2667.0,2715.0
2021-09-08,2710.0,2720.0,2585.0,2600.0
2021-09-09,2600.0,2612.0,2499.0,2540.0
2021-09-10,2545.0,2576.0,2526.0,2564.0
2021-09-13,2564.0,2578.0,2410.0,2428.0
2021-09-14,2428.0,2450.0,2354.0,2377.0
2021-09-15,2389.0,2390.0,2308.0,2351.0
2021-09-16,2351.0,2375.0,2287.0,2310.0
2021-09-17,2320.0,2368.0,2213.0,2361.0
2021-09-22,2322.0,2397.0,2260.0,2390.0
2021-09-23,2409.0,2485.0,2326.0,2347.0
2021-09-24,2347.0,2359.0,2245.0,2245.0
2021-09-27,2235.0,2331.0,2179.0,2252.0
2021-09-28,2270.0,2295.0,2188.0,2290.0
2021-09-29,2302.0,2302.0,2213.0,2231.0
2021-09-30,2236.0,2296.0,2205.0,2242.0
2021-10-08,2265.0,2397.0,2260.0,2320.0
2021-10-11,2335.0,2448.0,2335.0,2428.0
2021-10-12,2411.0,2458.0,2340.0,2361.0
2021-10-13,2360.0,2484.0,2231.0,2449.0
2021-10-14,2440.0,2457.0,2362.0,2406.0
2021-10-15,2419.0,2419.0,2336.0,2367.0
2021-10-18,2380.0,2380.0,2253.0,2299.0
2021-10-19,2281.0,2415.0,2223.0,2391.0
2021-10-20,2367.0,2388.0,2295.0,2306.0
2021-10-21,2297.0,2362.0,2176.0,2176.0
2021-10-22,2176.0,2208.0,2061.0,2062.0
2021-10-25,2055.0,2092.0,1973.0,2005.0
2021-10-26,2006.0,2045.0,1944.0,2026.0
2021-10-27,2036.0,2042.0,1921.0,1956.0
2021-10-28,1957.0,1958.0,1846.0,1873.0
2021-10-29,1886.0,1902.0,1780.0,1808.0
2021-11-01,1808.0,1827.0,1738.0,1745.0
2021-11-02,1763.0,1782.0,1615.0,1627.0
2021-11-03,1630.0,1766.0,1630.0,1729.0
2021-11-04,1735.0,1745.0,1654.0,1685.0
2021-11-05,1700.0,1713.0,1629.0,1706.0
2021-11-08,1714.0,1751.0,1662.0,1688.0
2021-11-09,1688.0,1736.0,1672.0,1694.0
2021-11-10,1688.0,1695.0,1572.0,1611.0
2021-11-11,1610.0,1739.0,1602.0,1710.0
2021-11-12,1706.0,1729.0,1645.0,1714.0
2021-11-15,1700.0,1777.0,1660.0,1691.0
2021-11-16,1710.0,1763.0,1694.0,1706.0
2021-11-17,1713.0,1730.0,1631.0,1670.0
2021-11-18,1687.0,1695.0,1651.0,1670.0
2021-11-19,1665.0,1734.0,1660.0,1721.0
2021-11-22,1704.0,1765.0,1704.0,1731.0
2021-11-23,1731.0,1770.0,1704.0,1707.0
2021-11-24,1711.0,1790.0,1681.0,1774.0
2021-11-25,1780.0,1819.0,1770.0,1794.0
2021-11-26,1794.0,1820.0,1765.0,1795.0
2021-11-29,1780.0,1875.0,1770.0,1850.0
2021-11-30,1855.0,1890.0,1817.0,1822.0
2021-12-01,1822.0,1920.0,1822.0,1913.0
2021-12-02,1913.0,1957.0,1881.0,1932.0
2021-12-03,1940.0,1992.0,1925.0,1939.0
2021-12-06,1951.0,1980.0,1905.0,1923.0
2021-12-07,1935.0,1938.0,1856.0,1873.0
2021-12-08,1866.0,1866.0,1776.0,1811.0
2021-12-09,1811.0,1842.0,1789.0,1825.0
2021-12-10,1830.0,1859.0,1756.0,1779.0
2021-12-13,1777.0,1850.0,1752.0,1829.0
2021-12-14,1829.0,1848.0,1808.0,1837.0
2021-12-15,1831.0,1843.0,1775.0,1783.0
2021-12-16,1783.0,1821.0,1766.0,1808.0
2021-12-17,1807.0,1848.0,1802.0,1825.0
2021-12-20,1832.0,1885.0,1768.0,1781.0
2021-12-21,1781.0,1832.0,1756.0,1827.0
2021-12-22,1834.0,1843.0,1793.0,1796.0
2021-12-23,1804.0,1827.0,1788.0,1803.0
2021-12-24,1798.0,1806.0,1722.0,1751.0
2021-12-27,1747.0,1778.0,1722.0,1777.0
2021-12-28,1778.0,1778.0,1731.0,1747.0
2021-12-29,1746.0,1767.0,1739.0,1759.0
2021-12-30,1759.0,1777.0,1726.0,1737.0
2021-12-31,1735.0,1742.0,1684.0,1705.0
2022-01-04,1700.0,1725.0,1692.0,1703.0
2022-01-05,1703.0,1743.0,1702.0,1733.0
2022-01-06,1733.0,1811.0,1730.0,1806.0
2022-01-07,1806.0,1857.0,1805.0,1854.0
2022-01-10,1858.0,1914.0,1856.0,1894.0
2022-01-11,1886.0,1952.0,1878.0,1923.0
2022-01-12,1922.0,1966.0,1908.0,1964.0
2022-01-13,1972.0,2016.0,1937.0,1942.0
2022-01-14,1950.0,2073.0,1950.0,2068.0
2022-01-17,2062.0,2095.0,2032.0,2068.0
2022-01-18,2065.0,2095.0,2035.0,2085.0
2022-01-19,2102.0,2159.0,2092.0,2131.0
2022-01-20,2135.0,2166.0,2113.0,2126.0
2022-01-21,2126.0,2205.0,2108.0,2190.0
2022-01-24,2190.0,2190.0,2114.0,2135.0
2022-01-25,2125.0,2145.0,2061.0,2119.0
2022-01-26,2119.0,2142.0,2090.0,2135.0
2022-01-27,2148.0,2235.0,2144.0,2218.0
2022-01-28,2228.0,2270.0,2193.0,2240.0
2022-02-07,2266.0,2377.0,2265.0,2343.0
2022-02-08,2345.0,2355.0,2309.0,2324.0
2022-02-09,2328.0,2337.0,2240.0,2274.0
2022-02-10,2276.0,2430.0,2258.0,2359.0
2022-02-11,2374.0,2404.0,2160.0,2169.0
2022-02-14,2207.0,2290.0,2137.0,2243.0
2022-02-15,2217.0,2217.0,2118.0,2178.0
2022-02-16,2182.0,2237.0,2173.0,2182.0
2022-02-17,2176.0,2176.0,2073.0,2075.0
2022-02-18,2060.0,2103.0,2034.0,2053.0
2022-02-21,2056.0,2075.0,1993.0,2053.0
2022-02-22,2040.0,2084.0,2003.0,2005.0
2022-02-23,2002.0,2041.0,2000.0,2023.0
2022-02-24,2014.0,2029.0,1962.0,1970.0
2022-02-25,1965.0,1990.0,1823.0,1891.0
2022-02-28,1898.0,1934.0,1875.0,1897.0
2022-03-01,1900.0,1959.0,1862.0,1933.0
2022-03-02,1941.0,1988.0,1908.0,1925.0
2022-03-03,1926.0,1953.0,1893.0,1910.0
2022-03-04,1910.0,1949.0,1879.0,1936.0
2022-03-07,1943.0,2015.0,1928.0,1972.0
2022-03-08,1963.0,1979.0,1826.0,1937.0
2022-03-09,1927.0,1950.0,1877.0,1878.0
2022-03-10,1883.0,2019.0,1873.0,2005.0
2022-03-11,2005.0,2048.0,1973.0,2004.0
2022-03-14,1986.0,2022.0,1896.0,1903.0
2022-03-15,1897.0,1930.0,1875.0,1885.0
2022-03-16,1875.0,1942.0,1862.0,1928.0
2022-03-17,1934.0,1940.0,1892.0,1918.0
2022-03-18,1920.0,1929.0,1885.0,1916.0
2022-03-21,1912.0,1922.0,1840.0,1857.0
2022-03-22,1841.0,1887.0,1835.0,1861.0
2022-03-23,1864.0,1901.0,1855.0,1899.0
2022-03-24,1985.0,2019.0,1971.0,1975.0
2022-03-25,1979.0,2108.0,1979.0,2085.0
2022-03-28,2060.0,2090.0,2035.0,2056.0
2022-03-29,2056.0,2076.0,2022.0,2069.0
2022-03-30,2050.0,2138.0,2032.0,2125.0
2022-03-31,2145.0,2162.0,2085.0,2111.0
2022-04-01,2130.0,2136.0,2065.0,2120.0
2022-04-06,2088.0,2132.0,2034.0,2039.0
2022-04-07,2042.0,2047.0,1988.0,2014.0
2022-04-08,2013.0,2043.0,2001.0,2040.0
2022-04-11,2040.0,2046.0,1993.0,2027.0
2022-04-12,2027.0,2084.0,2003.0,2075.0
2022-04-13,2074.0,2077.0,2013.0,2019.0
2022-04-14,2022.0,2045.0,2004.0,2020.0
2022-04-15,2020.0,2036.0,1980.0,1992.0
2022-04-18,1992.0,2050.0,1983.0,2031.0
2022-04-19,2031.0,2091.0,2026.0,2081.0
2022-04-20,2081.0,2115.0,2052.0,2066.0
2022-04-21,2065.0,2092.0,2053.0,2069.0
2022-04-22,2062.0,2068.0,2013.0,2016.0
2022-04-25,2005.0,2029.0,1875.0,1875.0
2022-04-26,1875.0,1889.0,1804.0,1834.0
2022-04-27,1834.0,1862.0,1818.0,1838.0
2022-04-28,1836.0,1872.0,1800.0,1868.0
2022-04-29,1862.0,1885.0,1824.0,1882.0
2022-05-05,1861.0,1922.0,1858.0,1885.0
2022-05-06,1895.0,1899.0,1841.0,1855.0
2022-05-09,1860.0,1862.0,1809.0,1825.0
2022-05-10,1815.0,1830.0,1724.0,1791.0
2022-05-11,1798.0,1828.0,1778.0,1815.0
2022-05-12,1802.0,1817.0,1759.0,1772.0
2022-05-13,1768.0,1793.0,1754.0,1778.0
2022-05-16,1779.0,1815.0,1757.0,1807.0
2022-05-17,1815.0,1822.0,1786.0,1791.0
2022-05-18,1788.0,1804.0,1761.0,1766.0
2022-05-19,1771.0,1810.0,1744.0,1809.0
2022-05-20,1804.0,1841.0,1793.0,1816.0
2022-05-23,1814.0,1829.0,1768.0,1771.0
2022-05-24,1770.0,1782.0,1745.0,1751.0
2022-05-25,1760.0,1781.0,1751.0,1776.0
2022-05-26,1770.0,1778.0,1737.0,1761.0
2022-05-27,1761.0,1778.0,1747.0,1748.0
2022-05-30,1755.0,1802.0,1731.0,1762.0
2022-05-31,1752.0,1776.0,1743.0,1775.0
2022-06-01,1774.0,1803.0,1756.0,1780.0
2022-06-02,1780.0,1787.0,1755.0,1780.0
2022-06-06,1785.0,1816.0,1764.0,1799.0
2022-06-07,1798.0,1840.0,1795.0,1830.0
2022-06-08,1827.0,1858.0,1818.0,1842.0
2022-06-09,1840.0,1856.0,1780.0,1784.0
2022-06-10,1779.0,1793.0,1756.0,1764.0
2022-06-13,1760.0,1775.0,1751.0,1763.0
2022-06-14,1759.0,1769.0,1676.0,1687.0
2022-06-15,1696.0,1704.0,1671.0,1689.0
2022-06-16,1690.0,1709.0,1681.0,1687.0
2022-06-17,1681.0,1707.0,1660.0,1702.0
2022-06-20,1705.0,1732.0,1696.0,1713.0
2022-06-21,1706.0,1713.0,1623.0,1653.0
2022-06-22,1658.0,1668.0,1615.0,1622.0
2022-06-23,1622.0,1664.0,1608.0,1657.0
2022-06-24,1662.0,1668.0,1633.0,1643.0
2022-06-27,1649.0,1666.0,1635.0,1645.0
2022-06-28,1646.0,1666.0,1620.0,1656.0
2022-06-29,1653.0,1703.0,1649.0,1664.0
2022-06-30,1672.0,1679.0,1641.0,1644.0
2022-07-01,1644.0,1644.0,1604.0,1616.0
2022-07-04,1626.0,1634.0,1582.0,1596.0
2022-07-05,1596.0,1613.0,1588.0,1591.0
2022-07-06,1584.0,1586.0,1543.0,1585.0
2022-07-07,1585.0,1596.0,1558.0,1561.0
2022-07-08,1569.0,1580.0,1533.0,1541.0
2022-07-11,1542.0,1554.0,1507.0,1530.0
2022-07-12,1530.0,1567.0,1522.0,1543.0
2022-07-13,1537.0,1572.0,1525.0,1559.0
2022-07-14,1551.0,1568.0,1521.0,1528.0
2022-07-15,1520.0,1558.0,1514.0,1528.0
2022-07-18,1532.0,1568.0,1529.0,1547.0
2022-07-19,1547.0,1563.0,1491.0,1493.0
2022-07-20,1491.0,1498.0,1461.0,1473.0
2022-07-21,1475.0,1479.0,1413.0,1422.0
2022-07-22,1415.0,1432.0,1397.0,1406.0
2022-07-25,1409.0,1452.0,1407.0,1442.0
2022-07-26,1443.0,1461.0,1431.0,1448.0
2022-07-27,1454.0,1458.0,1432.0,1454.0
2022-07-28,1454.0,1481.0,1447.0,1477.0
2022-07-29,1470.0,1534.0,1460.0,1494.0
2022-08-01,1498.0,1523.0,1467.0,1474.0
2022-08-02,1472.0,1525.0,1472.0,1523.0
2022-08-03,1531.0,1558.0,1516.0,1538.0
2022-08-04,1545.0,1555.0,1531.0,1550.0
2022-08-05,1557.0,1573.0,1525.0,1550.0
2022-08-08,1545.0,1595.0,1541.0,1570.0
2022-08-09,1562.0,1592.0,1551.0,1577.0
2022-08-10,1583.0,1591.0,1555.0,1569.0
2022-08-11,1562.0,1594.0,1521.0,1591.0
2022-08-12,1599.0,1602.0,1553.0,1570.0
2022-08-15,1562.0,1585.0,1526.0,1529.0
2022-08-16,1511.0,1533.0,1509.0,1517.0
2022-08-17,1515.0,1522.0,1467.0,1483.0
2022-08-18,1480.0,1502.0,1458.0,1461.0
2022-08-19,1463.0,1471.0,1432.0,1440.0
2022-08-22,1445.0,1492.0,1442.0,1486.0
2022-08-23,1486.0,1491.0,1459.0,1468.0
2022-08-24,1464.0,1483.0,1462.0,1473.0
2022-08-25,1470.0,1490.0,1452.0,1458.0
2022-08-26,1458.0,1472.0,1443.0,1469.0
2022-08-29,1466.0,1480.0,1448.0,1457.0
2022-08-30,1460.0,1462.0,1415.0,1423.0
2022-08-31,1418.0,1473.0,1418.0,1460.0
2022-09-01,1460.0,1470.0,1434.0,1440.0
2022-09-02,1436.0,1440.0,1402.0,1429.0
2022-09-05,1432.0,1467.0,1428.0,1460.0
2022-09-06,1461.0,1479.0,1448.0,1473.0
2022-09-07,1466.0,1477.0,1456.0,1465.0
2022-09-08,1473.0,1499.0,1469.0,1487.0
2022-09-09,1486.0,1517.0,1482.0,1515.0
2022-09-13,1525.0,1536.0,1506.0,1513.0
2022-09-14,1515.0,1524.0,1487.0,1501.0
2022-09-15,1509.0,1520.0,1486.0,1497.0
2022-09-16,1494.0,1501.0,1474.0,1484.0
2022-09-19,1486.0,1517.0,1484.0,1496.0
2022-09-20,1493.0,1507.0,1480.0,1485.0
2022-09-21,1485.0,1487.0,1467.0,1479.0
2022-09-22,1485.0,1515.0,1475.0,1509.0
2022-09-23,1518.0,1524.0,1500.0,1509.0
2022-09-26,1499.0,1518.0,1485.0,1514.0
2022-09-27,1513.0,1540.0,1510.0,1536.0
2022-09-28,1540.0,1548.0,1528.0,1534.0
2022-09-29,1540.0,1542.0,1493.0,1512.0
2022-09-30,1513.0,1521.0,1495.0,1506.0
2022-10-10,1522.0,1563.0,1515.0,1554.0
2022-10-11,1559.0,1564.0,1530.0,1532.0
2022-10-12,1537.0,1544.0,1518.0,1537.0
2022-10-13,1534.0,1548.0,1503.0,1510.0
2022-10-14,1505.0,1532.0,1500.0,1526.0
2022-10-17,1525.0,1533.0,1483.0,1493.0
2022-10-18,1493.0,1496.0,1473.0,1487.0
2022-10-19,1487.0,1490.0,1454.0,1460.0
2022-10-20,1460.0,1472.0,1454.0,1460.0
2022-10-21,1458.0,1472.0,1448.0,1458.0
2022-10-24,1458.0,1475.0,1429.0,1432.0
2022-10-25,1435.0,1438.0,1405.0,1407.0
2022-10-26,1405.0,1415.0,1395.0,1403.0
2022-10-27,1405.0,1411.0,1382.0,1385.0
2022-10-28,1385.0,1403.0,1385.0,1399.0
2022-10-31,1396.0,1407.0,1339.0,1346.0
2022-11-01,1349.0,1364.0,1338.0,1358.0
2022-11-02,1362.0,1367.0,1332.0,1354.0
2022-11-03,1354.0,1363.0,1342.0,1355.0
2022-11-04,1349.0,1400.0,1349.0,1393.0
2022-11-07,1405.0,1410.0,1361.0,1370.0
2022-11-08,1369.0,1391.0,1364.0,1382.0
2022-11-09,1385.0,1399.0,1372.0,1392.0
2022-11-10,1389.0,1400.0,1366.0,1381.0
2022-11-11,1376.0,1408.0,1375.0,1393.0
2022-11-14,1396.0,1426.0,1382.0,1394.0
2022-11-15,1394.0,1421.0,1391.0,1415.0
2022-11-16,1419.0,1423.0,1404.0,1415.0
2022-11-17,1412.0,1422.0,1366.0,1379.0
2022-11-18,1375.0,1380.0,1350.0,1366.0
2022-11-21,1366.0,1383.0,1355.0,1372.0
2022-11-22,1372.0,1379.0,1356.0,1364.0
2022-11-23,1367.0,1393.0,1363.0,1379.0
2022-11-24,1379.0,1396.0,1372.0,1386.0
2022-11-25,1388.0,1434.0,1384.0,1429.0
2022-11-28,1431.0,1444.0,1397.0,1408.0
2022-11-29,1410.0,1422.0,1403.0,1406.0
2022-11-30,1404.0,1408.0,1376.0,1386.0
2022-12-01,1390.0,1406.0,1381.0,1384.0
2022-12-02,1386.0,1404.0,1384.0,1393.0
2022-12-05,1395.0,1411.0,1382.0,1402.0
2022-12-06,1406.0,1419.0,1394.0,1413.0
2022-12-07,1418.0,1422.0,1387.0,1395.0
2022-12-08,1392.0,1406.0,1380.0,1405.0
2022-12-09,1416.0,1450.0,1409.0,1440.0
2022-12-12,1552.0,1592.0,1534.0,1537.0
2022-12-13,1537.0,1567.0,1535.0,1564.0
2022-12-14,1565.0,1579.0,1557.0,1574.0
2022-12-15,1580.0,1639.0,1578.0,1629.0
2022-12-16,1631.0,1638.0,1558.0,1580.0
2022-12-19,1576.0,1579.0,1539.0,1548.0
2022-12-20,1550.0,1561.0,1530.0,1549.0
2022-12-21,1551.0,1567.0,1541.0,1563.0
2022-12-22,1570.0,1570.0,1538.0,1544.0
2022-12-23,1541.0,1563.0,1527.0,1555.0
2022-12-26,1555.0,1586.0,1553.0,1577.0
2022-12-27,1581.0,1637.0,1573.0,1629.0
2022-12-28,1633.0,1661.0,1617.0,1656.0
2022-12-29,1657.0,1664.0,1634.0,1647.0
2022-12-30,1647.0,1663.0,1631.0,1660.0
2023-01-03,1654.0,1684.0,1631.0,1672.0
2023-01-04,1669.0,1671.0,1638.0,1662.0
2023-01-05,1657.0,1687.0,1652.0,1669.0
2023-01-06,1675.0,1694.0,1663.0,1692.0
2023-01-09,1691.0,1698.0,1666.0,1677.0
2023-01-10,1680.0,1686.0,1643.0,1654.0
2023-01-11,1654.0,1684.0,1649.0,1679.0
2023-01-12,1676.0,1688.0,1663.0,1669.0
2023-01-13,1668.0,1689.0,1641.0,1680.0
2023-01-16,1679.0,1680.0,1639.0,1662.0
2023-01-17,1665.0,1677.0,1655.0,1671.0
2023-01-18,1669.0,1720.0,1669.0,1718.0
2023-01-19,1723.0,1758.0,1718.0,1731.0
2023-01-20,1728.0,1749.0,1723.0,1746.0
2023-01-30,1760.0,1762.0,1631.0,1636.0
2023-01-31,1640.0,1645.0,1603.0,1608.0
2023-02-01,1605.0,1633.0,1588.0,1598.0
2023-02-02,1596.0,1602.0,1556.0,1563.0
2023-02-03,1558.0,1594.0,1557.0,1579.0
2023-02-06,1576.0,1587.0,1554.0,1568.0
2023-02-07,1568.0,1568.0,1522.0,1540.0
2023-02-08,1535.0,1539.0,1516.0,1531.0
2023-02-09,1533.0,1538.0,1522.0,1529.0
2023-02-10,1528.0,1545.0,1504.0,1539.0
2023-02-13,1542.0,1543.0,1516.0,1525.0
2023-02-14,1522.0,1534.0,1496.0,1528.0
2023-02-15,1530.0,1546.0,1522.0,1536.0
2023-02-16,1540.0,1553.0,1528.0,1538.0
2023-02-17,1540.0,1545.0,1519.0,1526.0
2023-02-20,1520.0,1541.0,1514.0,1536.0
2023-02-21,1535.0,1561.0,1535.0,1556.0
2023-02-22,1552.0,1554.0,1528.0,1544.0
2023-02-23,1547.0,1560.0,1541.0,1545.0
2023-02-24,1546.0,1548.0,1518.0,1524.0
2023-02-27,1518.0,1530.0,1511.0,1521.0
2023-02-28,1520.0,1526.0,1517.0,1520.0
2023-03-01,1521.0,1531.0,1504.0,1528.0
2023-03-02,1530.0,1544.0,1527.0,1539.0
2023-03-03,1545.0,1554.0,1539.0,1548.0
2023-03-06,1548.0,1579.0,1536.0,1578.0
2023-03-07,1582.0,1596.0,1577.0,1588.0
2023-03-08,1595.0,1603.0,1571.0,1584.0
2023-03-09,1584.0,1584.0,1554.0,1572.0
2023-03-10,1575.0,1609.0,1572.0,1587.0
2023-03-13,1592.0,1632.0,1584.0,1628.0
2023-03-14,1616.0,1638.0,1611.0,1620.0
2023-03-15,1627.0,1636.0,1614.0,1621.0
2023-03-16,1611.0,1625.0,1543.0,1549.0
2023-03-17,1554.0,1570.0,1532.0,1565.0
2023-03-20,1565.0,1589.0,1551.0,1555.0
2023-03-21,1565.0,1574.0,1555.0,1568.0
2023-03-22,1574.0,1590.0,1564.0,1584.0
2023-03-23,1589.0,1625.0,1588.0,1621.0
2023-03-24,1621.0,1632.0,1596.0,1630.0
2023-03-27,1620.0,1651.0,1620.0,1638.0
2023-03-28,1646.0,1677.0,1638.0,1670.0
2023-03-29,1673.0,1684.0,1652.0,1669.0
2023-03-30,1675.0,1689.0,1662.0,1677.0
2023-03-31,1680.0,1681.0,1636.0,1643.0
2023-04-03,1643.0,1673.0,1641.0,1647.0
2023-04-04,1642.0,1645.0,1610.0,1630.0
2023-04-06,1645.0,1678.0,1638.0,1658.0
2023-04-07,1658.0,1682.0,1657.0,1680.0
2023-04-10,1691.0,1714.0,1684.0,1705.0
2023-04-11,1666.0,1669.0,1615.0,1645.0
2023-04-12,1648.0,1653.0,1624.0,1645.0
2023-04-13,1650.0,1661.0,1632.0,1657.0
2023-04-14,1660.0,1708.0,1659.0,1704.0
2023-04-17,1707.0,1764.0,1700.0,1761.0
2023-04-18,1761.0,1774.0,1741.0,1770.0
2023-04-19,1775.0,1803.0,1766.0,1778.0
2023-04-20,1772.0,1867.0,1771.0,1850.0
2023-04-21,1860.0,1906.0,1797.0,1807.0
2023-04-24,1811.0,1866.0,1770.0,1837.0
2023-04-25,1850.0,1888.0,1833.0,1846.0
2023-04-26,1839.0,1840.0,1792.0,1813.0
2023-04-27,1805.0,1812.0,1748.0,1753.0
2023-04-28,1753.0,1795.0,1731.0,1793.0
2023-05-04,1773.0,1797.0,1733.0,1738.0
2023-05-05,1740.0,1761.0,1707.0,1755.0
2023-05-08,1755.0,1780.0,1705.0,1730.0
2023-05-09,1722.0,1733.0,1674.0,1676.0
2023-05-10,1677.0,1707.0,1677.0,1696.0
2023-05-11,1692.0,1717.0,1663.0,1691.0
2023-05-12,1680.0,1689.0,1654.0,1683.0
2023-05-15,1687.0,1696.0,1601.0,1609.0
2023-05-16,1609.0,1625.0,1585.0,1594.0
2023-05-17,1600.0,1642.0,1598.0,1631.0
2023-05-18,1638.0,1668.0,1619.0,1623.0
2023-05-19,1617.0,1628.0,1557.0,1582.0
2023-05-22,1581.0,1583.0,1475.0,1484.0
2023-05-23,1499.0,1531.0,1463.0,1474.0
2023-05-24,1490.0,1497.0,1446.0,1479.0
2023-05-25,1481.0,1508.0,1465.0,1488.0
2023-05-26,1484.0,1502.0,1436.0,1475.0
2023-05-29,1474.0,1492.0,1452.0,1462.0
2023-05-30,1459.0,1479.0,1408.0,1416.0
2023-05-31,1410.0,1425.0,1394.0,1409.0
2023-06-01,1409.0,1449.0,1398.0,1448.0
2023-06-02,1448.0,1556.0,1444.0,1556.0
2023-06-05,1564.0,1600.0,1509.0,1531.0
2023-06-06,1520.0,1535.0,1491.0,1507.0
2023-06-07,1510.0,1548.0,1510.0,1527.0
2023-06-08,1540.0,1571.0,1533.0,1555.0
2023-06-09,1560.0,1573.0,1541.0,1573.0
2023-06-12,1578.0,1593.0,1553.0,1559.0
2023-06-13,1555.0,1614.0,1554.0,1613.0
2023-06-14,1619.0,1683.0,1608.0,1648.0
2023-06-15,1652.0,1661.0,1602.0,1629.0
2023-06-16,1635.0,1663.0,1596.0,1615.0
2023-06-19,1605.0,1611.0,1507.0,1510.0
2023-06-20,1508.0,1523.0,1495.0,1511.0
2023-06-21,1508.0,1523.0,1481.0,1510.0
2023-06-26,1491.0,1513.0,1476.0,1492.0
2023-06-27,1492.0,1525.0,1471.0,1496.0
2023-06-28,1500.0,1513.0,1482.0,1504.0
2023-06-29,1505.0,1515.0,1488.0,1506.0
2023-06-30,1500.0,1551.0,1500.0,1517.0
2023-07-03,1520.0,1528.0,1506.0,1520.0
2023-07-04,1527.0,1564.0,1525.0,1562.0
2023-07-05,1565.0,1573.0,1535.0,1566.0
2023-07-06,1576.0,1576.0,1550.0,1567.0
2023-07-07,1563.0,1614.0,1559.0,1595.0
2023-07-10,1595.0,1612.0,1577.0,1586.0
2023-07-11,1599.0,1659.0,1593.0,1623.0
2023-07-12,1625.0,1640.0,1603.0,1624.0
2023-07-13,1620.0,1625.0,1573.0,1617.0
2023-07-14,1620.0,1685.0,1619.0,1678.0
2023-07-17,1690.0,1719.0,1666.0,1670.0
2023-07-18,1686.0,1712.0,1681.0,1708.0
2023-07-19,1712.0,1750.0,1712.0,1747.0
2023-07-20,1739.0,1773.0,1693.0,1698.0
2023-07-21,1705.0,1722.0,1668.0,1691.0
2023-07-24,1703.0,1719.0,1637.0,1642.0
2023-07-25,1652.0,1698.0,1644.0,1675.0
2023-07-26,1670.0,1748.0,1663.0,1713.0
2023-07-27,1703.0,1756.0,1686.0,1720.0
2023-07-28,1720.0,1734.0,1661.0,1684.0
2023-07-31,1683.0,1725.0,1656.0,1718.0
2023-08-01,1727.0,1826.0,1727.0,1819.0
2023-08-02,1810.0,1834.0,1793.0,1813.0
2023-08-03,1825.0,1846.0,1791.0,1810.0
2023-08-04,1825.0,1867.0,1825.0,1850.0
2023-08-07,1867.0,1867.0,1795.0,1832.0
2023-08-08,1835.0,1839.0,1776.0,1809.0
2023-08-09,1799.0,1844.0,1791.0,1798.0
2023-08-10,1791.0,1826.0,1765.0,1794.0
2023-08-11,1785.0,1823.0,1781.0,1818.0
2023-08-14,1592.0,1602.0,1541.0,1578.0
2023-08-15,1578.0,1588.0,1545.0,1562.0
2023-08-16,1556.0,1576.0,1523.0,1555.0
2023-08-17,1559.0,1592.0,1546.0,1586.0
2023-08-18,1589.0,1621.0,1555.0,1574.0
2023-08-21,1568.0,1682.0,1549.0,1663.0
2023-08-22,1647.0,1665.0,1592.0,1613.0
2023-08-23,1620.0,1654.0,1605.0,1618.0
2023-08-24,1620.0,1666.0,1612.0,1615.0
2023-08-25,1614.0,1632.0,1592.0,1618.0
2023-08-28,1627.0,1653.0,1553.0,1572.0
2023-08-29,1573.0,1596.0,1549.0,1578.0
2023-08-30,1585.0,1716.0,1585.0,1716.0
2023-08-31,1748.0,1797.0,1726.0,1768.0
2023-09-01,1770.0,1849.0,1743.0,1812.0
2023-09-04,1821.0,1839.0,1736.0,1748.0
2023-09-05,1744.0,1785.0,1738.0,1757.0
2023-09-06,1745.0,1783.0,1712.0,1779.0
2023-09-07,1780.0,1788.0,1722.0,1745.0
2023-09-08,1741.0,1767.0,1684.0,1689.0
2023-09-11,1695.0,1766.0,1675.0,1748.0
2023-09-12,1753.0,1776.0,1732.0,1767.0
2023-09-13,1774.0,1774.0,1680.0,1695.0
2023-09-14,1702.0,1727.0,1690.0,1714.0
2023-09-15,1726.0,1734.0,1660.0,1707.0
2023-09-18,1702.0,1713.0,1670.0,1708.0
2023-09-19,1708.0,1749.0,1703.0,1717.0
2023-09-20,1717.0,1749.0,1689.0,1715.0
2023-09-21,1722.0,1723.0,1675.0,1683.0
2023-09-22,1688.0,1756.0,1687.0,1742.0
2023-09-25,1749.0,1753.0,1678.0,1691.0
2023-09-26,1700.0,1704.0,1668.0,1680.0
2023-09-27,1690.0,1705.0,1666.0,1693.0
2023-09-28,1698.0,1716.0,1661.0,1668.0
2023-10-09,1711.0,1744.0,1704.0,1724.0
2023-10-10,1730.0,1731.0,1620.0,1637.0
2023-10-11,1639.0,1657.0,1608.0,1624.0
2023-10-12,1629.0,1655.0,1623.0,1654.0
2023-10-13,1659.0,1668.0,1614.0,1635.0
2023-10-16,1636.0,1649.0,1598.0,1643.0
2023-10-17,1640.0,1658.0,1620.0,1632.0
2023-10-18,1638.0,1674.0,1632.0,1645.0
2023-10-19,1651.0,1706.0,1645.0,1689.0
2023-10-20,1686.0,1688.0,1637.0,1643.0
2023-10-23,1643.0,1652.0,1591.0,1606.0
2023-10-24,1609.0,1625.0,1604.0,1620.0
2023-10-25,1626.0,1651.0,1615.0,1632.0
2023-10-26,1632.0,1632.0,1597.0,1623.0
2023-10-27,1620.0,1632.0,1607.0,1629.0
2023-10-30,1629.0,1648.0,1601.0,1629.0
2023-10-31,1634.0,1651.0,1621.0,1643.0
2023-11-01,1646.0,1654.0,1614.0,1625.0
2023-11-02,1634.0,1668.0,1633.0,1663.0
2023-11-03,1660.0,1684.0,1649.0,1677.0
2023-11-06,1677.0,1691.0,1652.0,1670.0
2023-11-07,1678.0,1724.0,1674.0,1690.0
2023-11-08,1683.0,1706.0,1673.0,1688.0
2023-11-09,1682.0,1714.0,1661.0,1703.0
2023-11-10,1710.0,1779.0,1703.0,1749.0
2023-11-13,1755.0,1767.0,1697.0,1707.0
2023-11-14,1700.0,1701.0,1656.0,1672.0
2023-11-15,1678.0,1694.0,1671.0,1685.0
2023-11-16,1685.0,1711.0,1679.0,1705.0
2023-11-17,1700.0,1728.0,1696.0,1718.0
2023-11-20,1725.0,1765.0,1710.0,1762.0
2023-11-21,1760.0,1804.0,1740.0,1752.0
2023-11-22,1755.0,1778.0,1704.0,1729.0
2023-11-23,1735.0,1750.0,1710.0,1746.0
2023-11-24,1753.0,1756.0,1701.0,1732.0
2023-11-27,1731.0,1766.0,1712.0,1746.0
2023-11-28,1745.0,1794.0,1725.0,1745.0
2023-11-29,1755.0,1818.0,1748.0,1806.0
2023-11-30,1814.0,1816.0,1763.0,1789.0
2023-12-01,1790.0,1924.0,1790.0,1918.0
2023-12-04,1924.0,1998.0,1852.0,1887.0
2023-12-05,1882.0,1905.0,1822.0,1855.0
2023-12-06,1849.0,1875.0,1820.0,1859.0
2023-12-07,1864.0,1933.0,1848.0,1898.0
2023-12-08,1995.0,2025.0,1925.0,1951.0
2023-12-11,1958.0,1958.0,1881.0,1901.0
2023-12-12,1896.0,1911.0,1864.0,1880.0
2023-12-13,1880.0,1884.0,1802.0,1832.0
2023-12-14,1839.0,1849.0,1823.0,1834.0
2023-12-15,1840.0,1875.0,1813.0,1815.0
2023-12-18,1808.0,1819.0,1760.0,1777.0
2023-12-19,1777.0,1806.0,1771.0,1788.0
2023-12-20,1793.0,1830.0,1793.0,1810.0
2023-12-21,1815.0,1897.0,1789.0,1894.0
2023-12-22,1891.0,1933.0,1865.0,1911.0
2023-12-25,1895.0,1901.0,1850.0,1872.0
2023-12-26,1870.0,1896.0,1846.0,1875.0
2023-12-27,1877.0,1902.0,1862.0,1888.0
2023-12-28,1890.0,1910.0,1860.0,1891.0
2023-12-29,1887.0,1920.0,1880.0,1913.0
2024-01-02,1880.0,1899.0,1859.0,1880.0
2024-01-03,1881.0,1985.0,1872.0,1965.0
2024-01-04,1973.0,1979.0,1902.0,1910.0
2024-01-05,1917.0,1942.0,1863.0,1879.0
2024-01-08,1898.0,1914.0,1823.0,1853.0
2024-01-09,1870.0,1891.0,1843.0,1861.0
2024-01-10,1867.0,1874.0,1754.0,1767.0
2024-01-11,1767.0,1795.0,1745.0,1787.0
2024-01-12,1790.0,1793.0,1717.0,1739.0
2024-01-15,1744.0,1748.0,1708.0,1731.0
2024-01-16,1726.0,1770.0,1726.0,1750.0
2024-01-17,1759.0,1779.0,1723.0,1734.0
2024-01-18,1734.0,1765.0,1714.0,1755.0
2024-01-19,1754.0,1761.0,1730.0,1758.0
2024-01-22,1762.0,1843.0,1755.0,1825.0
2024-01-23,1818.0,1825.0,1797.0,1809.0
2024-01-24,1810.0,1860.0,1793.0,1854.0
2024-01-25,1859.0,1872.0,1836.0,1849.0
2024-01-26,1854.0,1863.0,1823.0,1849.0
2024-01-29,1849.0,1920.0,1840.0,1864.0
2024-01-30,1863.0,1879.0,1835.0,1839.0
2024-01-31,1837.0,1853.0,1821.0,1841.0
2024-02-01,1835.0,1842.0,1768.0,1778.0
2024-02-02,1778.0,1793.0,1758.0,1765.0
2024-02-05,1769.0,1803.0,1763.0,1778.0
2024-02-06,1774.0,1814.0,1754.0,1798.0
2024-02-07,1794.0,1827.0,1784.0,1822.0
2024-02-08,1820.0,1846.0,1804.0,1811.0
2024-02-19,1795.0,1796.0,1734.0,1740.0
2024-02-20,1732.0,1741.0,1681.0,1687.0
2024-02-21,1686.0,1717.0,1662.0,1669.0
2024-02-22,1666.0,1698.0,1664.0,1693.0
2024-02-23,1695.0,1709.0,1687.0,1695.0
2024-02-26,1693.0,1702.0,1660.0,1680.0
2024-02-27,1687.0,1723.0,1685.0,1716.0
2024-02-28,1712.0,1719.0,1641.0,1643.0
2024-02-29,1639.0,1653.0,1622.0,1645.0
2024-03-01,1645.0,1666.0,1634.0,1651.0
2024-03-04,1655.0,1658.0,1608.0,1650.0
2024-03-05,1647.0,1673.0,1632.0,1638.0
2024-03-06,1635.0,1649.0,1620.0,1644.0
2024-03-07,1650.0,1667.0,1608.0,1616.0
2024-03-08,1614.0,1632.0,1606.0,1618.0
2024-03-11,1619.0,1626.0,1555.0,1572.0
2024-03-12,1575.0,1607.0,1571.0,1598.0
2024-03-13,1600.0,1602.0,1569.0,1575.0
2024-03-14,1583.0,1601.0,1556.0,1571.0
2024-03-15,1587.0,1625.0,1583.0,1603.0
2024-03-18,1605.0,1614.0,1528.0,1534.0
2024-03-19,1534.0,1568.0,1529.0,1553.0
2024-03-20,1553.0,1573.0,1533.0,1536.0
2024-03-21,1529.0,1572.0,1527.0,1555.0
2024-03-22,1547.0,1573.0,1522.0,1531.0
2024-03-25,1523.0,1530.0,1477.0,1489.0
2024-03-26,1492.0,1498.0,1467.0,1491.0
2024-03-27,1497.0,1517.0,1468.0,1474.0
2024-03-28,1470.0,1487.0,1454.0,1455.0
2024-03-29,1460.0,1480.0,1435.0,1471.0
2024-04-01,1465.0,1489.0,1446.0,1487.0
2024-04-02,1495.0,1498.0,1456.0,1465.0
2024-04-03,1468.0,1482.0,1461.0,1466.0
2024-04-08,1500.0,1559.0,1496.0,1555.0
2024-04-09,1498.0,1518.0,1466.0,1514.0
2024-04-10,1520.0,1541.0,1503.0,1518.0
2024-04-11,1525.0,1526.0,1489.0,1493.0
2024-04-12,1490.0,1510.0,1477.0,1500.0
2024-04-15,1499.0,1504.0,1451.0,1473.0
2024-04-16,1468.0,1474.0,1448.0,1458.0
2024-04-17,1450.0,1476.0,1443.0,1468.0
2024-04-18,1471.0,1520.0,1465.0,1512.0
2024-04-19,1510.0,1525.0,1492.0,1503.0
2024-04-22,1500.0,1548.0,1498.0,1527.0
2024-04-23,1526.0,1541.0,1506.0,1515.0
2024-04-24,1509.0,1566.0,1509.0,1552.0
2024-04-25,1557.0,1596.0,1547.0,1574.0
2024-04-26,1578.0,1590.0,1551.0,1581.0
2024-04-29,1580.0,1587.0,1541.0,1569.0
2024-04-30,1564.0,1578.0,1521.0,1533.0
2024-05-06,1528.0,1606.0,1528.0,1597.0
2024-05-07,1596.0,1626.0,1590.0,1604.0
2024-05-08,1600.0,1610.0,1581.0,1588.0
2024-05-09,1592.0,1614.0,1584.0,1612.0
2024-05-10,1624.0,1646.0,1601.0,1614.0
2024-05-13,1614.0,1618.0,1588.0,1613.0
2024-05-14,1610.0,1612.0,1564.0,1574.0
2024-05-15,1575.0,1579.0,1552.0,1574.0
2024-05-16,1570.0,1595.0,1559.0,1591.0
2024-05-17,1597.0,1640.0,1586.0,1636.0
2024-05-20,1641.0,1655.0,1625.0,1638.0
2024-05-21,1633.0,1682.0,1632.0,1657.0
2024-05-22,1663.0,1685.0,1649.0,1674.0
2024-05-23,1670.0,1690.0,1640.0,1659.0
2024-05-24,1669.0,1735.0,1662.0,1716.0
2024-05-27,1720.0,1731.0,1694.0,1709.0
2024-05-28,1705.0,1719.0,1681.0,1688.0
2024-05-29,1687.0,1757.0,1670.0,1756.0
2024-05-30,1760.0,1767.0,1698.0,1713.0
2024-05-31,1706.0,1724.0,1685.0,1694.0
2024-06-03,1701.0,1701.0,1635.0,1663.0
2024-06-04,1668.0,1689.0,1634.0,1676.0
2024-06-05,1669.0,1696.0,1655.0,1682.0
2024-06-06,1692.0,1741.0,1692.0,1739.0
2024-06-07,1745.0,1748.0,1710.0,1717.0
2024-06-11,1710.0,1716.0,1659.0,1667.0
2024-06-12,1665.0,1684.0,1660.0,1666.0
2024-06-13,1679.0,1679.0,1620.0,1641.0
2024-06-14,1648.0,1661.0,1629.0,1641.0
2024-06-17,1641.0,1641.0,1582.0,1592.0
2024-06-18,1591.0,1604.0,1563.0,1573.0
2024-06-19,1572.0,1594.0,1564.0,1587.0
2024-06-20,1586.0,1595.0,1557.0,1587.0
2024-06-21,1589.0,1615.0,1573.0,1579.0
2024-06-24,1571.0,1589.0,1525.0,1534.0
2024-06-25,1537.0,1560.0,1534.0,1551.0
2024-06-26,1546.0,1558.0,1528.0,1557.0
2024-06-27,1554.0,1557.0,1519.0,1529.0
2024-06-28,1529.0,1562.0,1516.0,1560.0
2024-07-01,1560.0,1574.0,1535.0,1551.0
2024-07-02,1550.0,1585.0,1546.0,1578.0
2024-07-03,1581.0,1585.0,1551.0,1583.0
2024-07-04,1580.0,1593.0,1566.0,1574.0
2024-07-05,1574.0,1578.0,1522.0,1524.0
2024-07-08,1525.0,1535.0,1483.0,1494.0
2024-07-09,1492.0,1514.0,1484.0,1503.0
2024-07-10,1499.0,1505.0,1454.0,1464.0
2024-07-11,1470.0,1481.0,1452.0,1465.0
2024-07-12,1470.0,1477.0,1460.0,1473.0
2024-07-15,1470.0,1471.0,1436.0,1456.0
2024-07-16,1453.0,1462.0,1433.0,1454.0
2024-07-17,1445.0,1460.0,1428.0,1439.0
2024-07-18,1444.0,1469.0,1439.0,1459.0
2024-07-19,1450.0,1459.0,1432.0,1443.0
2024-07-22,1439.0,1450.0,1410.0,1428.0
2024-07-23,1425.0,1434.0,1402.0,1406.0
2024-07-24,1411.0,1438.0,1410.0,1427.0
2024-07-25,1430.0,1430.0,1395.0,1412.0
2024-07-26,1412.0,1428.0,1389.0,1390.0
2024-07-29,1388.0,1393.0,1335.0,1341.0
2024-07-30,1354.0,1357.0,1339.0,1346.0
2024-07-31,1346.0,1380.0,1324.0,1375.0
2024-08-01,1381.0,1389.0,1341.0,1347.0
2024-08-02,1350.0,1374.0,1333.0,1371.0
2024-08-05,1368.0,1368.0,1334.0,1353.0
2024-08-06,1345.0,1360.0,1322.0,1335.0
2024-08-07,1330.0,1341.0,1309.0,1312.0
2024-08-08,1315.0,1319.0,1293.0,1297.0
2024-08-09,1305.0,1340.0,1304.0,1308.0
2024-08-12,1311.0,1312.0,1272.0,1304.0
2024-08-13,1304.0,1305.0,1255.0,1267.0
2024-08-14,1263.0,1265.0,1218.0,1241.0
2024-08-15,1242.0,1254.0,1224.0,1244.0
2024-08-16,1247.0,1258.0,1235.0,1239.0
2024-08-19,1239.0,1252.0,1223.0,1233.0
2024-08-20,1273.0,1303.0,1269.0,1295.0
2024-08-21,1305.0,1325.0,1294.0,1323.0
2024-08-22,1321.0,1327.0,1255.0,1264.0
2024-08-23,1261.0,1268.0,1245.0,1251.0
2024-08-26,1251.0,1265.0,1226.0,1249.0
2024-08-27,1249.0,1275.0,1237.0,1265.0
2024-08-28,1260.0,1276.0,1245.0,1252.0
2024-08-29,1245.0,1278.0,1242.0,1261.0
2024-08-30,1261.0,1285.0,1248.0,1264.0
2024-09-02,1264.0,1269.0,1178.0,1178.0
2024-09-03,1180.0,1186.0,1141.0,1143.0
2024-09-04,1145.0,1158.0,1114.0,1124.0
2024-09-05,1134.0,1160.0,1118.0,1126.0
2024-09-06,1135.0,1141.0,1111.0,1123.0
2024-09-09,1130.0,1130.0,1091.0,1118.0
2024-09-10,1121.0,1123.0,1086.0,1086.0
2024-09-11,1084.0,1094.0,1057.0,1089.0
2024-09-12,1093.0,1093.0,1029.0,1048.0
2024-09-13,1048.0,1064.0,1018.0,1021.0
2024-09-18,1016.0,1041.0,1004.0,1030.0
2024-09-19,1030.0,1074.0,1017.0,1069.0
2024-09-20,1066.0,1068.0,1030.0,1038.0
2024-09-23,1034.0,1075.0,1022.0,1062.0
2024-09-24,1064.0,1122.0,1056.0,1115.0
2024-09-25,1117.0,1186.0,1111.0,1134.0
2024-09-26,1123.0,1162.0,1105.0,1143.0
2024-09-27,1160.0,1208.0,1144.0,1206.0
2024-09-30,1205.0,1290.0,1194.0,1290.0
2024-10-08,1338.0,1351.0,1184.0,1212.0
2024-10-09,1213.0,1226.0,1180.0,1187.0
2024-10-10,1175.0,1204.0,1136.0,1149.0
2024-10-11,1154.0,1185.0,1150.0,1184.0
2024-10-14,1184.0,1248.0,1164.0,1226.0
2024-10-15,1218.0,1317.0,1208.0,1294.0
2024-10-16,1304.0,1336.0,1283.0,1310.0
2024-10-17,1319.0,1336.0,1184.0,1184.0
2024-10-18,1190.0,1251.0,1181.0,1230.0
2024-10-21,1230.0,1248.0,1215.0,1246.0
2024-10-22,1248.0,1278.0,1231.0,1265.0
2024-10-23,1268.0,1293.0,1238.0,1255.0
2024-10-24,1260.0,1356.0,1257.0,1349.0
2024-10-25,1354.0,1370.0,1328.0,1349.0
2024-10-28,1341.0,1419.0,1320.0,1412.0
2024-10-29,1405.0,1426.0,1351.0,1367.0
2024-10-30,1386.0,1416.0,1327.0,1369.0
2024-10-31,1378.0,1383.0,1340.0,1357.0
2024-11-01,1348.0,1372.0,1337.0,1365.0
2024-11-04,1375.0,1380.0,1293.0,1337.0
2024-11-05,1342.0,1395.0,1327.0,1387.0
2024-11-06,1400.0,1408.0,1364.0,1383.0
2024-11-07,1375.0,1396.0,1351.0,1385.0
2024-11-08,1389.0,1410.0,1342.0,1353.0
2024-11-11,1340.0,1381.0,1298.0,1326.0
2024-11-12,1320.0,1325.0,1284.0,1315.0
2024-11-13,1315.0,1346.0,1301.0,1336.0
2024-11-14,1340.0,1340.0,1280.0,1282.0
2024-11-15,1290.0,1301.0,1254.0,1258.0
2024-11-18,1264.0,1270.0,1223.0,1239.0
2024-11-19,1235.0,1263.0,1233.0,1257.0
2024-11-20,1253.0,1262.0,1242.0,1251.0
2024-11-21,1252.0,1288.0,1246.0,1276.0
2024-11-22,1283.0,1283.0,1230.0,1240.0
2024-11-25,1240.0,1267.0,1235.0,1243.0
2024-11-26,1242.0,1249.0,1216.0,1242.0
2024-11-27,1242.0,1255.0,1233.0,1243.0
2024-11-28,1243.0,1250.0,1227.0,1246.0
2024-11-29,1250.0,1275.0,1244.0,1263.0
2024-12-02,1263.0,1304.0,1249.0,1294.0
2024-12-03,1294.0,1294.0,1273.0,1282.0
2024-12-04,1280.0,1280.0,1243.0,1249.0
2024-12-05,1248.0,1250.0,1189.0,1201.0
2024-12-06,1200.0,1212.0,1189.0,1204.0
2024-12-09,1198.0,1211.0,1186.0,1204.0
2024-12-10,1235.0,1268.0,1221.0,1226.0
2024-12-11,1225.0,1237.0,1218.0,1230.0
2024-12-12,1234.0,1252.0,1227.0,1247.0
2024-12-13,1402.0,1409.0,1372.0,1375.0
2024-12-16,1373.0,1377.0,1329.0,1363.0
2024-12-17,1363.0,1382.0,1349.0,1372.0
2024-12-18,1372.0,1391.0,1362.0,1373.0
2024-12-19,1376.0,1416.0,1367.0,1398.0
2024-12-20,1400.0,1400.0,1368.0,1373.0
2024-12-23,1370.0,1386.0,1356.0,1372.0
2024-12-24,1379.0,1398.0,1366.0,1396.0
2024-12-25,1395.0,1399.0,1362.0,1368.0
2024-12-26,1364.0,1375.0,1341.0,1346.0
2024-12-27,1344.0,1348.0,1331.0,1336.0
2024-12-30,1336.0,1351.0,1323.0,1344.0
2024-12-31,1344.0,1345.0,1317.0,1327.0
2025-01-02,1326.0,1347.0,1323.0,1338.0
2025-01-03,1335.0,1346.0,1323.0,1342.0
2025-01-06,1344.0,1362.0,1327.0,1336.0
2025-01-07,1344.0,1354.0,1329.0,1335.0
2025-01-08,1332.0,1338.0,1292.0,1294.0
2025-01-09,1296.0,1326.0,1292.0,1319.0
2025-01-10,1320.0,1324.0,1306.0,1309.0
2025-01-13,1315.0,1375.0,1310.0,1362.0
2025-01-14,1360.0,1394.0,1354.0,1391.0
2025-01-15,1391.0,1403.0,1380.0,1391.0
2025-01-16,1394.0,1439.0,1384.0,1436.0
2025-01-17,1436.0,1466.0,1418.0,1454.0
2025-01-20,1450.0,1454.0,1404.0,1417.0
2025-01-21,1416.0,1429.0,1403.0,1409.0
2025-01-22,1407.0,1409.0,1387.0,1397.0
2025-01-23,1396.0,1411.0,1382.0,1387.0
2025-01-24,1384.0,1401.0,1372.0,1397.0
2025-01-27,1397.0,1397.0,1361.0,1362.0
2025-02-05,1336.0,1358.0,1322.0,1328.0
2025-02-06,1334.0,1344.0,1328.0,1337.0
2025-02-07,1333.0,1362.0,1326.0,1342.0
2025-02-10,1340.0,1350.0,1316.0,1348.0
2025-02-11,1350.0,1352.0,1319.0,1323.0
2025-02-12,1319.0,1328.0,1308.0,1322.0
2025-02-13,1323.0,1337.0,1267.0,1271.0
2025-02-14,1270.0,1281.0,1253.0,1261.0
2025-02-17,1261.0,1278.0,1243.0,1271.0
2025-02-18,1267.0,1287.0,1265.0,1280.0
2025-02-19,1284.0,1289.0,1271.0,1273.0
2025-02-20,1277.0,1300.0,1275.0,1293.0
2025-02-21,1295.0,1305.0,1263.0,1267.0
2025-02-24,1264.0,1277.0,1252.0,1268.0
2025-02-25,1269.0,1272.0,1236.0,1237.0
2025-02-26,1237.0,1244.0,1214.0,1224.0
2025-02-27,1222.0,1236.0,1209.0,1234.0
2025-02-28,1235.0,1254.0,1223.0,1248.0
2025-03-03,1245.0,1252.0,1220.0,1227.0
2025-03-04,1223.0,1244.0,1223.0,1231.0
2025-03-05,1235.0,1239.0,1195.0,1202.0
2025-03-06,1202.0,1211.0,1188.0,1206.0
2025-03-07,1206.0,1207.0,1177.0,1182.0
2025-03-10,1180.0,1184.0,1140.0,1143.0
2025-03-11,1146.0,1163.0,1141.0,1153.0
2025-03-12,1159.0,1169.0,1139.0,1147.0
2025-03-13,1150.0,1165.0,1133.0,1151.0
2025-03-14,1150.0,1168.0,1143.0,1163.0
2025-03-17,1163.0,1198.0,1152.0,1172.0
2025-03-18,1177.0,1192.0,1156.0,1158.0
2025-03-19,1167.0,1182.0,1152.0,1176.0
2025-03-20,1181.0,1185.0,1160.0,1173.0
2025-03-21,1176.0,1179.0,1155.0,1173.0
2025-03-24,1175.0,1244.0,1171.0,1240.0
2025-03-25,1245.0,1262.0,1223.0,1260.0
2025-03-26,1261.0,1269.0,1226.0,1229.0
2025-03-27,1227.0,1244.0,1214.0,1236.0
2025-03-28,1233.0,1235.0,1191.0,1197.0
2025-03-31,1195.0,1204.0,1170.0,1181.0
2025-04-01,1188.0,1243.0,1187.0,1235.0
2025-04-02,1239.0,1243.0,1207.0,1225.0
2025-04-03,1226.0,1232.0,1193.0,1198.0
2025-04-07,1163.0,1185.0,1154.0,1180.0
2025-04-08,1190.0,1218.0,1183.0,1190.0
2025-04-09,1200.0,1205.0,1141.0,1180.0
2025-04-10,1174.0,1214.0,1159.0,1169.0
2025-04-11,1165.0,1168.0,1138.0,1146.0
2025-04-14,1146.0,1161.0,1134.0,1152.0
2025-04-15,1207.0,1210.0,1169.0,1181.0
2025-04-16,1179.0,1192.0,1175.0,1185.0
2025-04-17,1186.0,1189.0,1162.0,1166.0
2025-04-18,1162.0,1166.0,1120.0,1122.0
2025-04-21,1124.0,1141.0,1112.0,1130.0
2025-04-22,1134.0,1138.0,1119.0,1124.0
2025-04-23,1130.0,1159.0,1127.0,1154.0
2025-04-24,1156.0,1156.0,1128.0,1135.0
2025-04-25,1137.0,1141.0,1117.0,1121.0
2025-04-28,1118.0,1135.0,1116.0,1122.0
2025-04-29,1120.0,1127.0,1100.0,1108.0
2025-04-30,1106.0,1111.0,1077.0,1082.0
2025-05-06,1078.0,1088.0,1064.0,1071.0
2025-05-07,1082.0,1092.0,1069.0,1074.0
2025-05-08,1071.0,1074.0,1046.0,1057.0
2025-05-09,1055.0,1058.0,1033.0,1034.0
2025-05-12,1034.0,1053.0,1022.0,1045.0
2025-05-13,1054.0,1055.0,1016.0,1016.0
2025-05-14,1015.0,1049.0,1013.0,1046.0
2025-05-15,1044.0,1048.0,1028.0,1036.0
2025-05-16,1033.0,1037.0,1002.0,1005.0
2025-05-19,1003.0,1029.0,1003.0,1018.0
2025-05-20,1018.0,1034.0,1014.0,1025.0
2025-05-21,1024.0,1036.0,1016.0,1034.0
2025-05-22,1035.0,1036.0,1005.0,1018.0
2025-05-23,1015.0,1017.0,998.0,1000.0
2025-05-26,1000.0,1030.0,1000.0,1019.0
2025-05-27,1022.0,1044.0,1011.0,1031.0
2025-05-28,1030.0,1035.0,1004.0,1009.0
2025-05-29,1006.0,1010.0,978.0,985.0
2025-05-30,984.0,993.0,971.0,982.0
2025-06-03,977.0,977.0,952.0,954.0
2025-06-04,956.0,996.0,953.0,988.0
2025-06-05,983.0,985.0,957.0,963.0
2025-06-06,974.0,1008.0,971.0,997.0
2025-06-09,1000.0,1018.0,987.0,1006.0
2025-06-10,1001.0,1006.0,985.0,995.0
2025-06-11,995.0,1002.0,989.0,998.0
2025-06-12,995.0,998.0,977.0,981.0
2025-06-13,982.0,991.0,967.0,976.0
2025-06-16,979.0,987.0,969.0,980.0
2025-06-17,980.0,985.0,968.0,974.0
2025-06-18,975.0,985.0,973.0,980.0
2025-06-19,978.0,1005.0,978.0,998.0
2025-06-20,999.0,1021.0,989.0,1007.0
2025-06-23,1007.0,1013.0,997.0,1007.0
2025-06-24,1004.0,1025.0,1002.0,1015.0
2025-06-25,1015.0,1019.0,1006.0,1017.0
2025-06-26,1015.0,1023.0,1003.0,1016.0
2025-06-27,1013.0,1028.0,1011.0,1019.0
2025-06-30,1017.0,1032.0,1004.0,1006.0
2025-07-01,1005.0,1006.0,976.0,980.0
2025-07-02,984.0,1056.0,983.0,1052.0
2025-07-03,1049.0,1061.0,1026.0,1039.0
2025-07-04,1029.0,1044.0,1022.0,1026.0
2025-07-07,1024.0,1035.0,1013.0,1019.0
2025-07-08,1017.0,1034.0,1016.0,1025.0
2025-07-09,1026.0,1037.0,1020.0,1035.0
2025-07-10,1035.0,1100.0,1032.0,1083.0
2025-07-11,1084.0,1108.0,1077.0,1086.0
2025-07-14,1087.0,1103.0,1077.0,1102.0
2025-07-15,1098.0,1105.0,1057.0,1071.0
2025-07-16,1070.0,1077.0,1060.0,1070.0
2025-07-17,1069.0,1097.0,1069.0,1092.0
2025-07-18,1091.0,1118.0,1075.0,1081.0
2025-07-21,1095.0,1186.0,1090.0,1173.0
2025-07-22,1173.0,1249.0,1165.0,1249.0
2025-07-23,1242.0,1258.0,1185.0,1211.0
2025-07-24,1206.0,1334.0,1200.0,1307.0
2025-07-25,1310.0,1370.0,1310.0,1362.0
2025-07-28,1355.0,1355.0,1223.0,1223.0
2025-07-29,1220.0,1227.0,1139.0,1188.0
2025-07-30,1187.0,1255.0,1163.0,1191.0
2025-07-31,1175.0,1178.0,1107.0,1117.0
2025-08-01,1116.0,1134.0,1077.0,1102.0
2025-08-04,1102.0,1114.0,1061.0,1086.0
2025-08-05,1082.0,1096.0,1053.0,1077.0
2025-08-06,1079.0,1093.0,1068.0,1083.0
2025-08-07,1085.0,1097.0,1062.0,1076.0
2025-08-08,1074.0,1076.0,1045.0,1063.0
2025-08-11,1058.0,1080.0,1043.0,1068.0
2025-08-12,1067.0,1092.0,1037.0,1073.0
2025-08-13,1239.0,1253.0,1209.0,1214.0
2025-08-14,1205.0,1230.0,1193.0,1220.0
2025-08-15,1224.0,1242.0,1201.0,1211.0
2025-08-18,1213.0,1238.0,1191.0,1212.0
2025-08-19,1218.0,1237.0,1193.0,1196.0
2025-08-20,1198.0,1200.0,1143.0,1162.0
2025-08-21,1165.0,1177.0,1151.0,1156.0
2025-08-22,1156.0,1175.0,1152.0,1173.0
2025-08-25,1176.0,1215.0,1175.0,1191.0
2025-08-26,1189.0,1194.0,1172.0,1173.0
2025-08-27,1171.0,1188.0,1165.0,1175.0
2025-08-28,1177.0,1178.0,1149.0,1174.0
2025-08-29,1178.0,1188.0,1162.0,1182.0
2025-09-01,1181.0,1181.0,1125.0,1137.0
2025-09-02,1139.0,1152.0,1131.0,1134.0
2025-09-03,1135.0,1152.0,1129.0,1135.0
2025-09-04,1133.0,1148.0,1118.0,1139.0
2025-09-05,1141.0,1200.0,1134.0,1189.0
2025-09-08,1192.0,1218.0,1163.0,1204.0
2025-09-09,1204.0,1212.0,1185.0,1192.0
2025-09-10,1186.0,1194.0,1163.0,1181.0
2025-09-11,1182.0,1202.0,1175.0,1185.0
2025-09-12,1182.0,1186.0,1164.0,1180.0
2025-09-15,1178.0,1214.0,1171.0,1207.0
2025-09-16,1222.0,1249.0,1217.0,1237.0
2025-09-17,1240.0,1247.0,1224.0,1234.0
2025-09-18,1232.0,1238.0,1202.0,1208.0
2025-09-19,1207.0,1223.0,1201.0,1216.0
2025-09-22,1220.0,1230.0,1188.0,1199.0
2025-09-23,1195.0,1195.0,1169.0,1183.0
2025-09-24,1188.0,1277.0,1183.0,1237.0
2025-09-25,1252.0,1282.0,1236.0,1270.0
2025-09-26,1269.0,1269.0,1243.0,1252.0
2025-09-29,1251.0,1253.0,1214.0,1228.0
2025-09-30,1224.0,1244.0,1210.0,1210.0
2025-10-09,1217.0,1233.0,1196.0,1218.0
2025-10-10,1224.0,1245.0,1202.0,1207.0
2025-10-13,1195.0,1199.0,1153.0,1179.0
2025-10-14,1180.0,1180.0,1132.0,1138.0
2025-10-15,1137.0,1145.0,1124.0,1129.0
2025-10-16,1137.0,1148.0,1126.0,1147.0
2025-10-17,1145.0,1145.0,1091.0,1095.0
2025-10-20,1099.0,1125.0,1086.0,1091.0
2025-10-21,1088.0,1101.0,1079.0,1087.0
2025-10-22,1088.0,1100.0,1072.0,1094.0
2025-10-23,1095.0,1115.0,1082.0,1108.0
2025-10-24,1105.0,1108.0,1085.0,1092.0
2025-10-27,1090.0,1107.0,1083.0,1095.0
2025-10-28,1098.0,1122.0,1096.0,1113.0
2025-10-29,1113.0,1134.0,1109.0,1127.0
2025-10-30,1122.0,1122.0,1083.0,1091.0
2025-10-31,1091.0,1104.0,1078.0,1083.0
2025-11-03,1084.0,1126.0,1075.0,1093.0
2025-11-04,1094.0,1115.0,1088.0,1105.0
2025-11-05,1110.0,1122.0,1092.0,1097.0
2025-11-06,1099.0,1106.0,1083.0,1101.0
2025-11-07,1100.0,1108.0,1091.0,1091.0
2025-11-10,1089.0,1093.0,1055.0,1069.0
2025-11-11,1066.0,1071.0,1051.0,1053.0
2025-11-12,1051.0,1064.0,1043.0,1049.0
2025-11-13,1050.0,1061.0,1041.0,1056.0
2025-11-14,1056.0,1058.0,1030.0,1032.0
2025-11-17,1029.0,1036.0,1019.0,1029.0
2025-11-18,1031.0,1035.0,1013.0,1017.0
2025-11-19,1019.0,1024.0,1005.0,1009.0
2025-11-20,1008.0,1013.0,984.0,989.0
2025-11-21,993.0,997.0,967.0,987.0
2025-11-24,988.0,1021.0,984.0,1013.0
2025-11-25,1015.0,1029.0,1012.0,1014.0
2025-11-26,1011.0,1042.0,1007.0,1037.0
2025-11-27,1041.0,1053.0,1030.0,1041.0
2025-11-28,1043.0,1065.0,1041.0,1053.0
2025-12-01,1056.0,1056.0,1026.0,1036.0
2025-12-02,1038.0,1050.0,1025.0,1034.0
2025-12-03,1034.0,1039.0,1015.0,1020.0
2025-12-04,1025.0,1025.0,1000.0,1010.0
2025-12-05,1010.0,1016.0,993.0,994.0
2025-12-08,996.0,1015.0,995.0,1002.0
2025-12-09,1000.0,1003.0,978.0,984.0
2025-12-10,982.0,984.0,958.0,964.0
2025-12-11,968.0,970.0,952.0,956.0
2025-12-12,957.0,959.0,934.0,935.0
2025-12-15,938.0,954.0,937.0,950.0
2025-12-16,1039.0,1045.0,1019.0,1038.0
2025-12-17,1033.0,1050.0,1030.0,1038.0
2025-12-18,1039.0,1079.0,1035.0,1062.0
2025-12-19,1058.0,1062.0,1034.0,1041.0
2025-12-22,1037.0,1041.0,1021.0,1031.0
2025-12-23,1033.0,1040.0,1017.0,1028.0
2025-12-24,1029.0,1058.0,1026.0,1048.0
2025-12-25,1050.0,1059.0,1042.0,1047.0
2025-12-26,1045.0,1066.0,1026.0,1057.0
2025-12-29,1052.0,1063.0,1045.0,1051.0
2025-12-30,1050.0,1090.0,1046.0,1087.0
2025-12-31,1091.0,1098.0,1080.0,1087.0
2026-01-05,1094.0,1097.0,1076.0,1081.0
2026-01-06,1080.0,1094.0,1069.0,1092.0
2026-01-07,1097.0,1166.0,1097.0,1148.0
2026-01-08,1147.0,1171.0,1136.0,1163.0
2026-01-09,1165.0,1168.0,1129.0,1144.0
2026-01-12,1145.0,1149.0,1119.0,1143.0
2026-01-13,1143.0,1144.0,1096.0,1096.0
2026-01-14,1099.0,1102.0,1081.0,1096.0
2026-01-15,1098.0,1102.0,1081.0,1086.0
2026-01-16,1091.0,1125.0,1084.0,1103.0
2026-01-19,1103.0,1115.0,1065.0,1070.0
2026-01-20,1070.0,1072.0,1055.0,1056.0
2026-01-21,1056.0,1061.0,1035.0,1039.0
2026-01-22,1042.0,1060.0,1037.0,1057.0
2026-01-23,1060.0,1073.0,1051.0,1064.0
2026-01-26,1067.0,1092.0,1059.0,1087.0
2026-01-27,1090.0,1092.0,1063.0,1066.0
2026-01-28,1067.0,1076.0,1054.0,1067.0
2026-01-29,1067.0,1088.0,1060.0,1087.0
2026-01-30,1090.0,1092.0,1051.0,1056.0
2026-02-02,1054.0,1087.0,1046.0,1056.0
2026-02-03,1063.0,1084.0,1062.0,1072.0
2026-02-04,1085.0,1120.0,1085.0,1109.0
2026-02-05,1108.0,1109.0,1078.0,1088.0
2026-02-06,1083.0,1083.0,1064.0,1072.0
2026-02-09,1070.0,1095.0,1054.0,1078.0
2026-02-10,1087.0,1091.0,1068.0,1070.0
2026-02-11,1070.0,1082.0,1062.0,1071.0
2026-02-12,1069.0,1080.0,1058.0,1065.0
2026-02-13,1064.0,1067.0,1040.0,1041.0
2026-02-24,1050.0,1060.0,1037.0,1050.0
2026-02-25,1049.0,1073.0,1049.0,1064.0
2026-02-26,1066.0,1066.0,1047.0,1058.0
2026-02-27,1054.0,1064.0,1044.0,1062.0
2026-03-02,1067.0,1076.0,1028.0,1043.0
2026-03-03,1039.0,1055.0,1027.0,1054.0
2026-03-04,1055.0,1055.0,1037.0,1038.0
2026-03-05,1039.0,1065.0,1038.0,1055.0
2026-03-06,1056.0,1093.0,1052.0,1087.0
2026-03-09,1098.0,1163.0,1090.0,1104.0
2026-03-10,1103.0,1109.0,1055.0,1076.0
2026-03-11,1079.0,1112.0,1072.0,1112.0
2026-03-12,1120.0,1155.0,1109.0,1113.0
2026-03-13,1120.0,1146.0,1115.0,1135.0
2026-03-16,1130.0,1134.0,1096.0,1102.0
2026-03-17,1095.0,1106.0,1084.0,1094.0
2026-03-18,1091.0,1100.0,1064.0,1066.0
2026-03-19,1079.0,1084.0,1053.0,1065.0
2026-03-20,1061.0,1068.0,1051.0,1054.0
2026-03-23,1052.0,1094.0,1045.0,1082.0
2026-03-24,1061.0,1079.0,1056.0,1064.0
2026-03-25,1068.0,1072.0,1049.0,1057.0
2026-03-26,1058.0,1059.0,1023.0,1036.0
2026-03-27,1038.0,1045.0,1024.0,1041.0
2026-03-30,1046.0,1049.0,1033.0,1040.0
2026-03-31,1039.0,1040.0,1017.0,1019.0
2026-04-01,1017.0,1023.0,998.0,999.0
2026-04-02,1003.0,1006.0,986.0,1002.0
2026-04-03,1003.0,1005.0,977.0,977.0
2026-04-07,977.0,985.0,966.0,969.0
2026-04-08,974.0,991.0,962.0,978.0
2026-04-09,972.0,984.0,969.0,970.0
2026-04-10,973.0,975.0,956.0,963.0
2026-04-13,965.0,977.0,954.0,957.0
2026-04-14,957.0,971.0,957.0,963.0
2026-04-15,964.0,977.0,963.0,971.0
2026-04-16,1072.0,1074.0,1052.0,1062.0
2026-04-17,1062.0,1085.0,1047.0,1078.0
2026-04-20,1078.0,1094.0,1074.0,1091.0
2026-04-21,1086.0,1094.0,1070.0,1077.0
2026-04-22,1077.0,1089.0,1072.0,1088.0
2026-04-23,1094.0,1104.0,1082.0,1084.0
2026-04-24,1085.0,1092.0,1078.0,1079.0
2026-04-27,1078.0,1090.0,1071.0,1073.0
2026-04-28,1073.0,1076.0,1037.0,1042.0
2026-04-29,1045.0,1045.0,1032.0,1036.0
2026-04-30,1036.0,1059.0,1027.0,1057.0
2026-05-06,1060.0,1073.0,1055.0,1067.0
2026-05-07,1065.0,1084.0,1060.0,1078.0
2026-05-08,1075.0,1079.0,1050.0,1055.0
2026-05-11,1053.0,1075.0,1050.0,1070.0
2026-05-12,1068.0,1074.0,1052.0,1056.0
2026-05-13,1056.0,1074.0,1051.0,1066.0
2026-05-14,1064.0,1068.0,1041.0,1051.0
2026-05-15,1051.0,1055.0,1034.0,1037.0
2026-05-18,1039.0,1045.0,1021.0,1038.0
2026-05-19,1040.0,1042.0,1019.0,1021.0
2026-05-20,1025.0,1027.0,1007.0,1013.0
2026-05-21,1011.0,1040.0,1011.0,1028.0
2026-05-22,1028.0,1033.0,1013.0,1020.0
2026-05-25,1023.0,1057.0,1015.0,1044.0
2026-05-26,1043.0,1046.0,1017.0,1023.0
2026-05-27,1022.0,1043.0,1020.0,1037.0
2026-05-28,1037.0,1043.0,1031.0,1038.0
2026-05-29,1036.0,1062.0,1036.0,1057.0
2026-06-01,1059.0,1065.0,1045.0,1056.0
2026-06-02,1058.0,1058.0,1036.0,1043.0
2026-06-03,1041.0,1054.0,1041.0,1049.0
2026-06-04,1048.0,1052.0,1024.0,1031.0
2026-06-05,1030.0,1034.0,1004.0,1010.0
